id_prestador;nit;id_sspd;id_autoridad_sanitaria;nombre;nombre_sistema;direccion;telefono;codigo_sistema;codigo_anterior;id_ubicacion
1;2654254;No Registra;108873;ACUEDUCTO RURAL VDA VENTAQUEMADA SISTEMA # 2 - LA SIBERIA;SISTEMA # 2 EL ROBLE ;VEREDA EL ROBLE;;1892;108873;1
2;16288231;No Registra;;ACUEDUCTO RURAL EL DIAMANTE;ACUEDCUTO RURAL EL DIAMANTE;VEREDA EL DIAMANTE;3136602779;3568;145147;2
3;31412752;No Registra;117582;ACUEDUCTO RURAL SANTA ELENA;;VEREDA SANTA ELENA;3137834277;;;3
4;66714559;No Registra;;ASODACION DE USUARIOS DEL ACUEDUCTO RURAL CAMPESINO DE LA VEREDA LA JUDEA;;VEREDEA LA JUDEA;3128144136;;;4
5;94262254;No Registra;;JUNTA DE ACCION COMUNAL LLANO GRANDE  ACUEDUCTO SANTA CLARA 2;;VERDA LLANO GRANDE ;3218637000;;;5
6;94262865;No Registra;;JUNTA ADMINISTRADORA DEL ACUEDUCTO RURAL LA JUDEA ALTA, LA PALMERA Y EL BRILLANTE;ACUEDUCTO RURAL LA JUDEA ALTA #2;VEREDA LA JUDEA ALTA;3217724866;2615;148293;6
7;1112957550;;112843;FLAUTAS AGUAS E.S.P.  S.A.                        ;;VEREDA FLAUTAS - CORREGIMIENTO LA SELVA;3215143755;2875;112843;7
8;14960560;;124279;CONJUNTO CAMPESTRE AMBICHINTE;;BORRERO AYERBE - KM 28 ANTIGUA VIA AL MAR;3145838221;;;8
9;16267914;;120696;JUNTA ADMINISTRADORA ACUEDUCTO VEREDA EL DIAMANTE            ;;VEREDA EL DIAMANTE - BITACO;3217127745;;;9
10;16850015;No Registra;121662;ASOCIACION DE USUARIOS DEL ACUEDUCTO RURAL COMUNITARIO DE LA VEREDA CAIMITAL SECTOR COLEGIO 20 DE JULIO - ASUARCAIM;;VEREDA CAIMITAL - SECTOR COLEGIO 20 DE JULIO;3112496057;;;10
11;29113558;;121850;JUNTA ADMINISTRADORA COMUNITARIA ACUEDUCTO TRESQUEBRADAS - LA FRESNEDA;TANQUE TRES QUEBRADAS ;LA FRESNEDA - VEREDA TRESQUEBRADAS;3223304222;2894;121850;11
12;29582860;;129449;ACUEDUCTO COMUNITARIO EL RETIRO PARTE BAJA - ASORETIRO;;VEREDA EL RETIRO;3184277086;;;12
13;312014660;No Registra;112959;ASOCIACION DE USUARIOS DEL SERVICIO DE ACUEDUCTO EL TRAPICHE LA YOLOMBA;;VEREDA LA YOLOMBA;3173130702;;;13
14;324728300;No Registra;128094;ASOCIACION DE USUARIOS NACIMIENTO LA ROSITA, VEREDA YERBABUENA EL PALMAR;; VEREDA YERBABUENA EL PALMAR;315601155;;;14
15;6246684;No Registra;145509;JUNTA DE ACCIÓN COMUNAL VEREDA LA ESMERALDA;JUNTA DE ACCION COMUNAL VEREDA LA ESMERALDA;CORREGIMIENTO PROVIDENCIA - VEREDA ESMERALDA;3147566421;344;145509;15
16;6316914;No Registra;104287;JUNTA ADMINISTRADORA LOCAL DE LA VEREDA CAMPOALEGRE;;VEREDA CAMPOALEGRE;3106236701;;;16
17;6340234;;32461;JUNTA ADMINISTRADORA DE ACUEDUCTO EL RETIRO PARTE ALTA;;VEREDA EL RETIRO - CORREGIMIENTO BITACO;3153571297;;;17
18;6423840;;51210;JUNTA ADMINISTRADORA COMUNITARIA DEL ACUEDUCTO MOZAMBIQUE - J.A.C.A. N° 1;MOZAMBIQUE- JACA 1;CORREGIMIENTO MOZAMBIQUE;3137159883;8947;51210;18
19;76041001100;No Registra;0011;JUNTA ADMON ACUEDUCTO EL TIGRE ;ACUEDUCTO RURAL VEREDA BAJO TIGRE;VEREDA EL TIGRE;3117502170;3459;143327;19
20;76041009100;No Registra;126849;ACUEDUCTO RURAL EL DIAMANTE;JUNTA DE ACCION COMUNAL ACUEDUCTO EL DIAMANTE;VEREDA EL DIAMANTE;3114169237;2158;126849;20
21;76041030100;No Registra;103903;"ACUEDUCTO VEREDA LAS PALOMAS-EL BOSQUE																			";ACUEDUCTO RURAL VEREDA LAS PALOMAS- EL BOSQUE;VEREDA LAS PALOMAS/ EL BOSQUE;3174703306;2160;116852;21
22;76041035100;;81280;ACUEDUCTO COMUNITARIO SALAZAR;ACUEDUCTO BARRIO SALAZAR;BARRIO SALAZAR ;3116306469;2161;81280;22
23;76041998100;;88266;ASOCIACIÓN GESTIÓN COMUNITARIA DEL AGUA DE LA COMUNIDAD RURAL  LA POPALITA ;ASOCIACIÓN DE GESTIÓN COMUNITARIO DEL AGUA DE LA POPALITA;VEREDA LA POPALITA ;3104453218;3457;88266;23
24;76041998101;;110129;ACUEDUCTO RURAL EL CASTILLO -ANSERMANUEVO;ACUEDUCTO EL CASTILLO;VEREDA EL CASTILLO ALTO Y BAJO ;3158235599;3460;109398;24
25;76054998101;;113566;ACUEDUCTO RURAL RESGUARDO INDÍGENA DACHI BANÍA CHAMI;RESGUARDO INDÍGENA DACHI BANÍA CHAMI;VEREDA LA SOLEDAD;3142937706;1021;113566;25
26;76109998100;No Registra;;ASOCIACION DE USUARIOS DEL ACUDUCTO RURAL COMUNITARIO DE LA CIUDADELA NUEVA ESPERANZA DEL DISTRITO DE BUENAVENTURA.;;CIUDADELA LA NUEVA ESPERANZA;3127599651;;;26
27;76109998101;No Registra;;CONSEJO COMUNITARIO DE TRIANA;;CORREGIMIENTO DE TRIANA;3186807210;;;27
28;76111014100;No Registra;76111;ACUEDUCTO MONTERREY ;;CORREGIMIENTO MONTERREY;3163515425;;;28
29;76111998100;No Registra;76111;ACUEDUCTO ARCOS ;;VEREDA SAN ANTONIO;3122248201;;;29
30;76122012100;No Registra;123552;JUNTA ACUEDUCTO LA DELFINA;;VEREDA LA DELFINA;3184900108;;;30
31;76122015100;No Registra;62258;ASOCIACION DE USUARIOS DEL ACUEDUCTO LA SUIZA;;VEREDA LA SUIZA;3128728348;;;31
32;76122017100;No Registra;111876;ASOCIACIÓN DE USUARIOS DE LIMONES ASODELI;;BAJO LIMONES;3006401437;;;32
33;76122998100;No Registra;113625;ACUEDUCTO RURAL QUINCE LETRAS;;VEREDA QUINCE LETRAS;3128020469;;;33
34;76122998103;No Registra;123555;JUNTA ADMINISTRADORA ACUEDUCTO RURAL VEREDA LA PAVA;;VEREDA LA PAVA;3122981255;;;34
35;76122998104;No Registra;114195;JUNTA ADMINISTRADORA DEL ACUEDUCTO RURAL PUERTO RICO;;VEREDA LA PAVA;3122981255;;;35
36;76126020100;No Registra;127596;ACUEDUCTO VEREDA LA ITALIA;;VEREDA LA ITALIA;3154171444;;;36
37;76126022100;No Registra;104614;ACUEDUCTO LA CRISTALINA;;VEREDA LA CRISTALINA;3166221682;;;37
38;76126024102;No Registra;116566;JUNTA ADMINISTRADORA DEL ACUEDUCTO DE LA VEREDA BOLEO BAJO;;VEREDA  BOLEO BAJO;3155681028;;;38
39;76126998100;No Registra;106807;ACUEDUCTO ALTO BOLEO;;VEREDA ALTO BOLEO;3172461983;;;39
40;76126998105;No Registra;58654;EMCALIMA ESP;;CL 10 # 14-63;3173803025;;;40
41;76130998100;;;ACUEDUCTO GUALI;;GUALI;;;;41
42;76147001100;;90416;ACUEDUCTO RURAL VEREDA   CAUCA;;CORREGIMIENTO DE CAUCA;3214279066;;;42
43;76147002100;No Registra;88859;ACUEDUCTO RURAL VEREDA COLORADAS;;VEREDA COLORADAS;3197818884;;;43
44;76147004100;;92815;ACUEDUCTO RURAL MODIN;;CORREGIMIENTO DE MODIN;3183365025;;;44
45;76147998100;;88857;ACUEDUCTO RURAL VEREDA EL GUAYABO;; VEREDA EL GUAYABO;3152084444;;;45
46;76147998101;;88858;ACUEDUCTO RURAL VEREDA PIEDRAS DE MOLER;;VEREDA PIEDRAS DE MOLER;3147870346;;;46
47;76233018104;No Registra;;ACUEDUCTO COMUNITARIO EL COGOLLO - ACUECOGOLLO;;PROVIDENCIA PARTE BAJA;3233477280;;;47
48;76233998100;No Registra;128439;JUNTA ADMINISTRADORA ACUEDUCTO PARAGUITAS JAACUPAR;;VEREDA JORDANCITO;3177768282;;;48
49;76233998101;;123224;ACUEDUCTO PARCELACION CAMPESTRE ASOFLORESTA          ;;KM 28.5 VEREDA EL VERGEL;3167415146;;;49
50;76233998102;;123562;ACUEDUCTO PARCELACION EL BOSQUE;;CORREGIMIENTO EL CARMEN;3153586379;;;50
51;76233998103;No Registra;34207;ACUEDUCTO COMUNITARIO SAN BERNARDO;;CORREGIMIENTO SAN BERNARDO;3145307086;;;51
52;76233998115;No Registra;43208;ASOCIACION DE USUARIOS ACUEDUCTO VEREDA LA CLORINDA                    ;;VEREDA LA CLORINDA;3162856088;;;52
53;76233998116;2155;No Registra;ASOCIACION EMPRESA COMUNITARIA DE ACUEDUCTO DE BORRERO AYERBE - ECASP. ESP. - KM 26 PALO ALTO.;;CORREGIMIENTO BORRERO AYERBE - KM 30 CONTIGUO ESTACIÓN DE POLICÍA - BARRIO 1 DE MAYO;3182813955;;;53
54;76233998117;2155;No Registra;ASOCIACION EMPRESA COMUNITARIA DE ACUEDUCTO DE BORRERO AYERBE - ECASP. ESP. - SECCIONAL KM 28 AMBICHINTE;;BORRERO AYERBE - KILÓMETRO 28 AMBICHINTE;3182813955;;;54
55;76233998119;;51613;JUNTA DE ACCION COMUNAL VEREDA EL DIVISO;;VEREDA EL DIVISO ;3146045956;;;55
56;76233998120;;121524;ASOCIACIÓN DE USUARIOS DEL ACUEDUCTO DE LA PARCELACION EL ENSUEÑO SEGUNDA ETAPA SECTORES A Y B - ACUAENSUEÑO;;KM 26 VIA A DAGUA. OFICINA CR.41 E N°48-51 CALI .;3016369973;;;56
57;76243998100;No Registra;115075; ACUEDUCTO COMUNITARIO EL BOSQUE LIVERPOOL;ASOCIACION MUNICIPAL DE ACUEDUCTOS RURALES AGUA Y VIDA - LA LINEA;CORREGIMIENTO  EL BOSQUE;3153096136;3497;111723;57
58;76243998100;;111723;ASOCIACION MUNICIPAL DE ACUEDUCTOS RURALES AGUA Y VIDA - LA LINEA                                                                 ;ASOCIACION MUNICIPAL DE ACUEDUCTOS RURALES AGUA Y VIDA - LA LINEA;VEREDA LA LINEA;3122455645;3497;111723;58
59;76243998101;;128788;ACUEDUCTO RURAL VEREDA LA ALBANIA;ACUEDUCTO RURAL LA ALBANIA;VEREDA LA ALBANIA;3194208333;904;128788;59
60;76243998104;No Registra;80785;ASOCIACIÓN DE USUARIOS DEL ACUEDUCTO CAÑAVERAL  ;ACUEDUCTO RURAL VEREDA CAÑAVERAL;VEREDA CAÑAVERAL ;3175870462;3501;80785;60
61;76243998105;;103590;ASOCIACIÓN DE USUARIOS DEL ACUEDUCTO EL CORAZON ;;VEREDA  EL CORAZÓN ;3157124046;;;61
62;76243998106;;80376;JUNTA ADMINISTRADORA DEL ACUEDUCTO SANTA MARTHA;ACUEDUCTO RURAL VEREDA SANTA MARTA;VEREDA SANTA  MARTA;3127794382;2606;80376;62
63;76243998109;No Registra;81605;JUNTA ADMINISTRADORA DEL AGUA VEREDA LA GUERRA;ACUEDUCTO LA GUERRA;VEREDA LA GUERRA;3105935569;2608;81605;63
64;76243998110;No Registra;99375;JUNTA DE ACCION COMUNAL VEREDA EL GUAYABO-SAN LUIS-EL SALADA;JUNTA DE ACCIÓN COMUNAL VEREDA EL GUAYABO;VEREDA EL GUAYABO;3234592038;2611;99375;64
65;76243998111;No Registra;81103;JUNTA DE ACUEDUCTO LA JUDEA                                                                                                                ;ACUEDUCTO RURAL LA JUDEA BAJA #1;VEREDA LA JUDEA;;2616;81103;65
66;76246024100;No Registra;80742;JUNTA ADMINISTRADORA ACUEDUCTO RURAL LA GUARDIA;JUNTA ADMINISTRADORA ACUEDUCTO RURAL LA GUARDIA       ;VEREDA LA GUARDIA;3117334606;961;80742;66
67;76246027100;No Registra;87885;"JUNTA ADMINISTRADORA  ACUEDUCTO RURAL LA PALMERA 																																																";ACUEDUCTO RURAL LA PALMERA;VEREDA LA PALMERA;3137444596;1010;87885;67
68;76246036100;No Registra;0016;ACUEDUCTO RURAL SAN JOSE #1;;VEREDA SAN JOSE ;3117502170;;;68
69;76246998101;No Registra;;JUNTA ADMINISTRADORA  ACUEDUCTO CAMELLONES;ACUEDUCTO RURAL CAMELLONES PARTE BAJA;JUNTA ADMINISTRADORA  ACUEDUCTO CAMELLONES ALTO;3117332144;1000;80740;69
70;76248998100;;33513;ACUASALUD AUJI;;CORREGIMIENTO AUJI;3172158191;;;70
71;76248998102;;34209;ACUEDUCTO COMUNITARIO CARRIZAL;;CORREGIMIENTO CARRIZAL;3187909482;;;71
72;76248998104;;39038;ACUEDUCTO EL MORAL;;TIENDA EL ÉXITO- CORREGIMIENTO EL MORAL;3167563595;;;72
73;76250998101;;68462;ASOCIACIÓN DE USUARIOS DEL ACUEDUCTO RURAL COMUNITARIO DE LA VEREDA LA CABAÑA AGUAS LA ESPERANZA;ACUEDUCTO LA CABAÑA;VEREDA LA CABAÑA;3114198411;1971;68462;73
74;76250998103;;122721;ACUEDUCTO RURAL CAÑADA HONDA BAJA-CASTILLO;ACUEDUCTO RURAL VEREDA CAÑADA HONDA BAJA;VEREDA CAÑADA HONDA BAJA;3226344256;523;122721;74
75;76250998104;No Registra;;ACUEDUCTO RURAL CASTILLO CAÑADA HONDA ALTA;ACUEDUCTO RURAL CASTILLO CAÑADA HONDA ALTA;VEREDA CAÑADA HONDA ALTA;3122862625;3576;113475;75
76;76250998105;No Registra;117900;ACUEDUCTO RURAL LOS ZAINOS ALTOS;JUANTA ACCION COMUNAL LOS ZAINOS ALTOS;VEREDA LOS ZAINOS ALTOS;3116474028;1959;117900;76
77;76250998108;;68944;ACUEDUCTO RURAL VEREDA LA MARÍA;;VEREDA LA MARÍA;3125368371;;;77
78;76250998109;No Registra;68463;ACUEDUCTO RURAL ZAINOS BAJOS;ACUEDUCTO RURAL VEREDA LOS ZAINOS BAJOS;VEREDA LOS ZAINOS;3174559479;1964;68463;78
79;76250998110;;68490;JUNTA ADMINISTRADORA DEL ACUEDUCTO CALLE LARGA;ACUEDUCTO RURAL VEREDA CALLE LARGA;VEREDA CALLE LARGA;3117952853;3466;68490;79
80;76306001100;No Registra;121407;ACUEDUCTO COMUNITARIO VEREDA MORAVIA;;VEREDA MORAVIA - CORREGIMIENTO COCUYOS;3185867677;;;80
81;76306001100;No Registra;121406;ACUEDUCTO COMUNITARIO ALTAMIRA;;CORREGIMIENTO COCUYOS - VEREDA ALTAMIRA;3218535469;;;81
82;76306998100;No Registra;114168;ACUEDUCTO COMUNITARIO CANAIMA;;VEREDA CANAIMA - CORREGIMIENTO COCUYOS.;3183910902;;;82
83;76306998102;;110067;ASOCIACIÓN COMUNITARIA ADMINISTRADORA DEL SERVICIO DE ACUEDUCTO VEREDA COMINAL;;VEREDA COMINAL - CORREGIMIENTO LA SELVA;3158784918;;;83
84;76306998104;No Registra;87884;ASOCIACIÓN DE USUARIOS ACUEDUCTO COLECTIVO - EL JARDIN;;VEREDA EL JARDIN - CORREGIMIENTO LA SELVA;3508936697;;;84
85;76306998105;No Registra;66826;ASOCIACION USUARIOS ACUEDUCTO RURAL COMUNITARIO COCUYOS               ;;VEREDA COCUYOS - CORREGIMIENTO COCUYOS;3153623032;;;85
86;76306998106;No Registra;12345;JUNTA ADMINISTRADORA ACUEDUCTO DE JUNTAS;;CORREGIMIENTO JUNTAS;3137149495;;;86
87;76318003100;;58688;ASOJUMACHAGUA - ASOCIACIÓN DE USUARIOS DEL ACUEDUCTO Y ALCANTARILLADO DE LOS CORREGIMIENTOS ALTO LA JULIA CHAFALOTE;;VEREDA CHAFALOTE;3155137598;;;87
88;76364998101;;;ASOCIACIÓN ADMINISTRADORA DEL ACUEDUCTO DE GUACHINTE ;;CORREGIMIENTO DE GUACHINTE ;3178490130;;;88
89;76377005100;;110064;ASOCIACION DE USUARIOS ACUEDUCTO CHICORAL ALTO - ASOCHICORAL                ;;CORREGIMIENTO BITACO - VEREDA CHICORAL ALTO - PREDIO LA TAMBOCHA;3104365431;;;89
90;76400016101;;93503;JUNTA DE ACCION COMUNAL ACUEDUCTO CORCEGA- LA CAYETANA;ACUEDUCTO CORCEGA- LA CAYETANA;VEREDA CORCEGA;3217395784;3183;93503;90
91;76400998101;;96661;JUNTA ADMINISTRADORA ACUEDUCTO VEREDA LA ISLA;ACUEDUCTO RUAL LA ISLA;VEREDA LA ISLA;3147383791;3180;96661;91
92;76403998100;No Registra;97356;ACUEDUCTO RURAL VEREDA LA SIBERIA;ACUEDUCTO RURAL LA SIBERIA;VEREDA LA VICTORIA;3116188507;2879;97356;92
93;76403998101;No Registra;88300;ACUEDUCTO RURAL  VEREDA RIVERALTA;ACUEDUCTO RURAL VEREDA RIVERALTA;VEREDA RIVERALTA;3103787042;2878;88300;93
94;76497998102;;;JUNTA DE ACCION COMUNAL SAN JOSE- OBANDO;ACUEDUCTO RURAL CORREGIMIENTO SAN JOSE;VEREDA SAN JOSE ;3117526493;1906;123093;94
95;76520006101;;No Registra;ASOCIACION DE USUARIOS ACUEDUCTO BOLO ALIZAL;;COMUNA 11 VIA PALMIRA CANDELARIA DESVIO BOLO ALIZAL;;;;95
96;76520010100;;;EMCALI E.S.P - CAUCASECO;;AVENIDA 2 N #10 - 65 CAM - TORRE EMCALI;;;;96
97;76520013100;;;ASOCIACION DE USUARIOS ACUEDUCTO GUANABANAL;;COMUNA 10 - VIA CALI - PALMIRA DESVIO GUANABANAL;;;;97
98;76520014100;;;EMCALI E.S.P - JUANCHITO - CIUDAD PEREIRA;;AVENIDA 2 N #10 - 65 CAM - TORRE EMCALI;;;;98
99;76520020100;No Registra;;ASOCIACION USUARIOS ACUEDUCTO POTRERILLO;;COMUNA 16 VIA PALMIRA TABLONES DESVIO  POTRERILLO;;;;99
100;76520025100;;;ASOCIACION DE USUARIOS ACUEDUCTO TABLONES EL TAHURETE;;COMUNA 13 - VIA PALMIRA TABLONES;;;;100
101;76520029100;;;ASOCIACION USUARIOS ACUEDUCTO PALMASECA;;COMUNA 9 - VIA CALI - AEROPUERTO ABA;;;;101
102;76520033100;No Registra;;ASOCIACION USUARIOS ACUEDUCTO LA BALASTRERA;;VIA PALMIRA TABLONES DESVIO LA BALASTRERA;;;;102
103;76520041100;;No Registra;SERBACOL S.A E.S.P - CIUDAD DEL CAMPO;;VIA PALMIRA JUANCHITO DESVIO CIUDAD DEL CAMPO;;;;103
104;76520998106;;;ASOCIACION DE USUARIOS ACUEDUCTO BOLO SAN PABLO;;VIA PALMIRA - CANDELARIA DESVIO BOLO SAN PABLO;;;;104
105;76520998111;No Registra;;ASOCIACION USUARIOS ACUEDUCTO URB. MEJOR VIVIR - ASOMEVI;;CALLE 35#5EB-14 - PALMIRA;;;;105
106;76520998113;;;EMCALI E.S.P - LA DOLORES;;AV 2N ENTRE CALLES 10 Y 11 CAM TORRE EMCALI;8999999;;;106
107;76563002102;;104718;JUNTA ADMINISTRADORA ACUEDUCTO DEL CORREGIMIENTO DE BOLIVAR. ACUASALUD BOLIVAR.;;CORREGIMIENTO BOLÍVAR;3217988718;;;107
108;76606001100;No Registra;103474;ASOCIACION DE USUARIOS DEL ACUEDUCTO AGUA LINDA BAJO;;VEREDA AGUA LINDA;3176608809;;;108
109;76606009100;No Registra;107789;JUNTA ADMINISTRADORA ACUEDUCTO BOMBAY ;;VEREDA EL AGRADO;3207831565;;;109
110;76606021100;No Registra;109633;JUNTA ADMINISTRADOR ACUEDUCTO MANANTIAL RIO GRANDE;;VEREDA RÍO GRANDE;3147280307;;;110
111;76606022100;No Registra;125767;ACUEDUCTO ROMAN;;VEREDA ROMAN;3116127375;;;111
112;76606507100;No Registra;121420;ACUEDUCTO ALTO DEL OSO - LA CAMELIA;;VEREDA ALTO DEL OSO;3103888821;;;112
113;76606507102;No Registra;119603;ACUEDUCTO SAN MARTIN 1;;VEREDA ALTO DEL OSO;3003612254;;;113
114;76606998101;No Registra;62093;ASOCIACIÓN DE USUARIOS DEL ACUEDUCTO  AGUA MONA;;VEREDA AGUA MONA;3117950868;;;114
115;76606998102;No Registra;104370;JUNTA ADMINISTRADORA ACUEDUCTO LA BELMIRA;;VEREDA LA BELMIRA;3117962192;;;115
116;76616998100;No Registra;125791;ACUAMIRAVALLE;;VEREDA MIRAVALLE ALTO;3117026707;;;116
117;76616998101;No Registra;125433;ACUARABIA;;VEREDA EL DINDE;3147170462;;;117
118;76616998103;No Registra;130405;ACUEDUCTO LAS BRISAS ;;LAS BRISAS ;;;;118
119;76616998105;No Registra;125719;ACUEDUCTO VEREDA EL RUBI SECTOR LA CANCHA;;VEREDA EL RUBI - LA CANCHA;3207663858;;;119
120;76616998106;No Registra;113256;ASOCIACIÓN DE USUARIOS  DEL ACUEDUCTO DE LA VEREDA COROZAL;;COROZAL;3185269570;;;120
121;76616998108;No Registra;113729;ASOCIACION DE USUARIOS DEL ACUEDUCTO DE LA VEREDA LA ITALIA-ACUAITALIA;;VEREDA LA ITALIA;3117222580;;;121
122;76616998109;No Registra;122336;ASOCIACION DE USUARIOS DEL ACUEDUCTO RURAL CAMPESINO VEREDA LA CRISTALINA;;VEREDA LA CRISTALINA;3113696086;;;122
123;76616998111;No Registra;61927;JUNTA ADMINISTRADORA ACUEDUCTO VEREDA LOS ESTRECHOS;;VEREDA LOS ESTRECHOS;3225728558;;;123
124;76616998112;No Registra;61929;JUNTA ADMINISTRADORA DEL ACUEDUCTO DE MORROPLANCHO BAJO;;VEREDA MORROPLANCHO BAJO;3116267105;;;124
125;76616998114;No Registra;104015;JUNTA DE USUARIOS ACUEDUCTO LA SULTANA;;VEREDA LA SULTANA;3147138251;;;125
126;76622018100;No Registra;118326;ACUEDUCTO RURAL LA ARMENIA ALTA;ACUEDUCTO RURAL LA ARMENIA ALTA;VEREDA LA ARMENIA ALTA;3122675923;3173;113637;126
127;76622998100;No Registra;118488;ACUEDUCTO RURAL LA ARMENIA BAJA;ACUEDUCTO RURAL LA ARMENIA BAJA;VEREDA LA ARMENIA BAJA;3157792816;3174;120056;127
128;76622998101;;103487;ACUEDUCTO RURAL VEREDA EL PIE;ACUEDUCTO RURAL VEREDA EL PIE;VEREDA EL PIE;3122680915;899;103487;128
129;76622998102;;61941;ASOCIACIÓN DE USUARIOS DEL ACUEDUCTO CAJAMARCA -SAN ISIDRO;;VEREDA CAJAMARCA;3108258643;;;129
130;76670998101;No Registra;113244;ACUEDUCTO RURAL LOS MATES;;VEREDA LOS MATES;3173240733;;;130
131;76736998100;No Registra;113716;ACUASALDAÑA;;SALDAÑA;3148599722;;;131
132;76736998103;No Registra;126907;ACUEDUCTO RURAL EL CRUCERO - ACUACRUCERO;;VEREDA EL CRUCERO;3146241897;;;132
133;76736998104;No Registra;113662;ASOCIACION DE USUARIOS CONGAL ALTO;;VEREDA EL CONGAL ALTO;3152464661;;;133
134;767600101376001008;No Registra;;ASOSACION DE USUARIOS EL BANQUEO;;EL BANQUEO;3183176319;;;134
135;7676109078761090001;No Registra;;CONSEJO COMUNITARIO ALTO Y MEDIO DAGUA LOCALIDAD ZARAGOZA NIT: 835001126-6;;ZARAGOZA;3226603088;;;135
136;7676233000762330000;No Registra;135368;CONDOMINIO CAMPESTRE COLINAS DE TOCOTA;;VEREDA TOCOTA;3182741797;;;136
137;7676233999762330000;No Registra;135197;JUNTA DE ACCION COMUNAL VEREDA BENHUR DEL MUNICIPIO DE DAGUA;;VEREDA BENHUR;3153120385;;;137
138;7676243000762430000;No Registra;;ASOCIACIÓN DE USUARIOS ACUEDUCTO EL NARANJO;;VEREDA EL NARANJO;3113174389;;;138
139;7676243001762430000;No Registra;;JUNTA ADMINISTRADORA  EMBAL;;VIVIENDA EL SEÑOR ALONSO;3167201641;;;139
140;7676246000762460000;No Registra;132430; JUNTA ADMINISTRADORA LOCAL VEREDA NAPOLES;;VEREDA NAPOLES;3217961924;;;140
141;767624600076246002;No Registra;97365;JUNTA DE ACCION COMUNAL VEREDA ALTO BONITO;;VIVIENDA DE JESÚS ARISTIZABAL - VEREDA ALTO BONITO;3178402013;;;141
142;7676250000762500000;No Registra;68911;JUNTA DE ACCIÓN COMUNAL LAS VUELTAS;;VEREDA LAS VUELTAS;3137199539;;;142
143;767637700076377015;No Registra;135213;ACUEDUCTO CENTENARIO;;CENTENARIO;3147730244;;;143
144;7676377999763770000;No Registra;17834;JUNTA ADMINISTRADORA ACUEDUCTO LA GUAIRA LA CUMBRE;;VEREDA LA GUAIRA;3126909258;;;144
145;767656301976563023;No Registra;104022;JUNTA ADMINISTRADORA ACUEDUCTO COMUNITARIO SAN ISIDRO;;CORREGIMIENTO SAN ISIDRO RURAL;3153576373;;;145
146;767656302476563008;No Registra;33117;ACUEDUCTO ACUAVIDA (ANTES ACUEDUCTO EL RECREO);;CORREGIMIENTO EL RECREO;3217925269;;;146
147;767660600076606004;No Registra;130096;ACUEDUCTO RURAL ALTO ZABALETAS;;ALTO ZABALETAS KM 80 - PARCELACION LOS PINARES;3158691854;;;147
148;767662200076622013;No Registra;;ACUEDUCTO RURAL VEREDA MATEGUADUA;;VEREDA MATEGUADUA;3217932050;;;148
149;7676834000768340000;No Registra;;ACUEDUCTO INGENIO SAN CARLOS;;VÍA RIOFRÍO KM. 7 PALOMESTIZO ;3691170;;;149
150;767683400076834999;No Registra;;ACUEDUCTO CONDOMINIO CAMPESTRE SORRENTO;;KM 2 VÍA TULUÁ - ANDALUCIA;3108230898;;;150
151;767683401776834019;No Registra;;ACUEUDUCTO DE QUEBRADA GRANDE;;QUEBRADA GRANDE;;;;151
152;7676834020768340000;No Registra;;ACUEDUCTO DE BERLIN;;VEREDA BERLIN;;;;152
153;767686900476869005;No Registra;135187;ASOCIACIÓN DE USUARIOS DEL ACUEDUCTO RURAL COMUNITARIO MONTERREY ALTO DE LA FRESNEDA - JACA # 13;;CORREGIMIENTO LA FRESNEDA;3106366026;;;153
154;7676890999768900000;No Registra;133049;ACUEDUCTO AGUAS MIRACAMPO;;VEREDA Y/O PARCELACION MIRACAMPO;3186296360;;;154
155;767689202076892012;No Registra;;PARCELACION MIRALIA;;PARCELACION MIRALIA MIRAVALLE DAPA;3007790017;;;155
156;76823001100;No Registra;110432;JUNTA ADMINISTRADORA ACUEDUCTO VEREDA BOLIVAR;ACUEDUCTO RURAL BOLIVAR;VEREDA BOLIVAR ;3154263072;1896;110432;156
157;76823998100;;93954;ACUEDUCTO RURAL VENTA QUEMADA-BUENA VISTA;ACUEDUCTO RURAL VENTA QUEMADA;CORREGIMIENTO  VENTA QUEMADA;3158158631;2198;107946;157
158;76823998101;;88219;ACUEDUCTO RURAL VEREDA LA QUIEBRA ;ACUEDUCTO RURAL LA QUIEBRA;VEREDA LA QUIEBRA ;3185767967;2191;88219;158
159;76823998102;;96307;JUNTA DE ACCIÓN COMUNAL DE LA VEREDA PAN DE AZUCAR-LA ESTRELLA;ACUEDUCTO PAN DE AZUCAR;VEREDA PAN DE AZUCAR-LA ESTRELLA;3128938171;1898;96307;159
160;76823998103;No Registra;96126;JUNTA DE ACCIÓN COMUNAL LA CAYETANA ;ACUEDUCTO RURAL LA CAYETANA;CORREGIMIENTO SAN ANTONIO;;1887;96126;160
161;76828013100;No Registra;60381;ASOCIACIÓN DE USUARIOS DE ABASTO DE AGUA DEL CORREGIMIENTO CERRO AZUL Y LAS VEREDAS LA SIRIA Y LA SOLEDAD;;CORREGIMIENTO CERRO AZUL;3135650623;;;161
162;76834012100;;;ACUAMOR - ACUEDUCTO LA MORALIA;;CORREGIMIENTO LA MORALIA;3152362903;;;162
163;76834998101;;;PLANTA POTABILIZADORA AGUAS LA COLINA E.S.P E.S.S;;CONDOMINIO CAMPESTRE LA COLINA VÍA TULUÁ-ANDALUCÍA;3176667447;;;163
164;76834998102;No Registra;;ACUEDUCTO MATEGUADUA;;CORREGIMIENTO DE MATEGUADUA;3173338948;;;164
165;76834998103;;;ACUEDUCTO SENA CLEM TULUÁ;;KILÓMETRO 2 VÍA TULUÁ-BUGA;2244921;;;165
166;76834998104;;;ACUEDUCTO UNIDAD CENTRAL DEL VALLE;;CARRERA 27 A N° 48-144;3122887813;;;166
167;76834998105;No Registra;;ASOCIACION DE USUARIOS ACUEDUCTO DE SAN RAFAEL;;CORREGIMIENTO DE SAN RAFAEL;3128715280;;;167
168;76845007100;;89907;JUNTA DE ACCIÓN COMUNAL VEREDA EL BRILLANTE;;VEREDA EL BRILLANTE;3207136356;;;168
169;76845010100;No Registra;94231;ACUEDUCTO RURAL VEREDA PLATACER  LA PLATA Y EL PLACER;;VEREDA LA PLATA Y EL PLACER;3127016866;;;169
170;76863998100;No Registra;94478;ACUEDUCTO RURAL CALAMAR ;ACUDUCTO RURAL VEREDA CALAMAR;VEREDA CALAMAR ;3137674355;1278;94478;170
171;76863998102;;87874;JUNTA ADMINISTRADORA ACUEDUCTO CAMPOALEGRE;ACUEDUCTO RURAL CAMPO ALEGRE;VEREDA CAMPOALEGRE;3206560617;1259;87874;171
172;76863998103;No Registra;88307;JUNTA ADMON ACUEDUCTO LA CRISTALINA EL DIAMANTE   ;JUNTA ADMINISTRADORA ACUEDUCTO LA CISTALINA -EL DIAMANTE;VEREDA EL DIAMANTE;3117379431;1265;88307;172
173;76869998102;;28229;JUNTA ADMINISTRADORA COMUNITARIA DEL ACUEDUCTO DE CACHIMBAL - JACA N° 10.;;CORREGIMIENTO CACHIMBAL PARTE BAJA;3226394241;;;173
174;76869998104;;38319;JUNTA ADMINISTRADORA COMUNITARIA DEL ACUEDUCTO DE CACHIMBAL - JACA N° 9.;;CORREGIMIENTO CACHIMBAL PARTE ALTA;3226251724;;;174
175;768900000000;No Registra;121439;JUNTA ADMINISTRADORA ACUEDUCTO LA RIVERA;;VEREDA LA RIVERA;3162826412;;;175
176;76890004100;No Registra;106236;ASOCIACION DE USUARIOS DEL ACUEDUCTO DE LA VEREDA CORDOBITAS ''ACUACORDOBITAS'' EN LIQUIDACION;;VEREDA CORDOBITAS;3107138137;;;176
177;76890005100;No Registra;65697;JUNTA ADMINISTRADORA BRISAS DE DOPO;;VEREDA DOPO;3154531108;;;177
178;76890009102;No Registra;121438;JUNTA ADMINISTRADORA ACUEDUCTO EL DELIRIO;;VEREDA EL DELIRIO;3178289021;;;178
179;76890017101;No Registra;103030;ACUEDUCTO RURAL COMUNITARIO GOTAS DE VIDA;;VEREDA LA COLONIA;3192771504;;;179
180;76890019100;No Registra;104338;ASOCIACION DE USUARIOS DEL ACUEDUCTO LAS DELICIAS;;VEREDA LAS DELICIAS;3122421148;;;180
181;76890022100;No Registra;62447;JUNTA ADMINISTRADORA ACUEDUCTO LOS PLANES;;VEREDA LOS PLANES;3158736585;;;181
182;76890025100;No Registra;58689;COMITE PRO AGUAS DE MUÑECOS;;VEREDA MUÑECOS;3146632787;;;182
183;76890027100;No Registra;108425;ACUEDUCTO PUENTE TIERRA LA BOHEMIA;;PUENTETIERRA;3117173595;;;183
184;76890998101;No Registra;120397;ACUEDUCTO LA PALOMA - EL CRUCERO;;EL DESCANSO - SECTOR EL CRUCERO;3155188027;;;184
185;76890998102;No Registra;120396;ASOCIACION ADMINISTRADORA DE ACUEDUCTOS CORREGIMIENTO EL DORADO- ACUEDUCTO LA FLORESTA;;VEREDA LA FLORESTA;3152751643;;;185
186;76892015100;No Registra;;JAC DE PASO DE LA TORRE COMITÉ DE AGUA ;;VEREDA PASO DE LA TORRE CASA DE JAIR CORDOBA;3105975415;;;186
187;76892019100;No Registra;;COMITE DEL AGUA DE LA JAC DE LA VEREDA SALAZAR;;SECTOR LA EMPRESA, VEREDA SALAZAR,  CASA DE LUIS ANGEL ARBOLEDA;3172737989;;;187
188;76892998101;No Registra;;ASOCIACION DE USUARIOS DE ACUEDUCTO DE LAS VEREDAS SAN JOSE  Y AGUACLARA;;FINCA LA EDITH VEREDA SAN JOSE CORREGIMIENTO MONTAÑITAS;3187551501;;;188
189;76892998105;No Registra;;JAC PARTE BAJA DE MULALO COMITÉ DE AGUA SECTOR EL VOLCAN;;FINCA LA SOFÍA MULALO PARTE BAJA;;;;189
190;76892998106;No Registra;;JUNTA DE ACCION COMUNAL VEREDA PILAS DAPA.;;PILAS DAPA SECTOR VILLAREAL;3113622541;;;190
191;793382050;No Registra;34215;JUNTA ADMINISTRADORA COMUNITARIA ACUEDUCTO ALTO FRESNEDA JACA # 2;;VEREDA ALTO FRESNEDA;3167444159;;;191
192;800020812;No Registra;;JUNTA ADMINISTRADORA DE ACUEDUCTO EL PEDREGAL;;AL FRENTE DE KIOSKO DE COCACOLA CASA DE NELCY HOYOS;3146633354;;;192
193;800028688;;;JUNTA ADMINISTRADORA DEL ACUEDUCTO LA MARINA LA COLONIA EL PICACHO Y LA COLONIA PEQUEÑA;;CORREGIMIENTO LA MARINA;3155969380;;;193
194;800032147;No Registra;;PARCELACION COLINAS DE ARROYOHONDO;;KILOMETRO 1 DE LA VIA A DAPA;3207587963;;;194
195;800218317;;;ASOCIACION DE USUARIOS DEL SERVICIO DE AGUA POTABLE Y ALC. DEL BARRIO LA TRINIDAD I - ACUATRINIDAD I;;CARRERA 4 # 19-01 BARRIO TRINIDAD;3148890381;;;195
196;805001083;No Registra;;PARCELACIÓN CONDADO BEVERLY;;ALTO DAPA – VÍA LOS ESPAÑOLES, CORREGIMIENTO DE DAPA;3217819816;;;196
197;805002741;;;FONTANA S.A  E.S.P;;CALLE 2SUR # 22 - 175 ;5162147;;;197
198;805005136;1;No Registra;ACOPS;;CAMPOALEGRE;;;;198
199;805008352;No Registra;;ACUAPICHINDE ESP;;SECTOR PLAN DE VIVIENDA;3160173753;;;199
200;805008387;2155;No Registra;ASOCIACION EMPRESA COMUNITARIA DE ACUEDUCTO DE BORRERO AYERBE - ECASP. ESP.;ASOCIACION EMPRESA COMUNITARIA ACUEDUCTO BORRERO AYERBE - ECASP. ESP. - KM 26 PALO ALTO;CONTIGUO A ESTACION DE POLICIA KM 30.;3188275914;13728;105133;200
201;805009024;No Registra;;ESAAG E.S.P;;LOS PINOS;3116200916;;;201
202;805009822;2166;No Registra;EMPRESA DE SERVICIO PRIVADO ACUASALUD EL CARMELO;ACUASALUDC EL CARMELO;CR.3A OESTE # 1-38 BARRIO EL PEÑON-CALI.;3155413100;3424;28231;202
203;805010183;No Registra;;ASOCIACION DE USUARIOS DEL SERVICIO DE AGUA POTABLE Y ALCANTARILLADO YUMBILLO;;TIENDA MIXTA LOS AMIGOS EN EL CRUCERO YUMBILLO Y LA BUITRERA;3164188093;;;203
204;805010376;;;EMPRESA COMUNITARIA DE SERVICIOS PÚBLICOS DE MIRAVALLE DAPA;;CARRERA 6A # 30-07;3104436303;;;204
205;805010550;No Registra;;ACUEDUCTO EMAA LA LUISA;;CALLEJON YAROMOS;3167878517;;;205
206;805011572;;;JUNTA ADMINISTRADORA DEL ACUEDUCTO DE PEÑAS NEGRAS;;TELECOM PEÑAS NEGRAS AL LADO DE LA PLANTA DE TRATAMIENTO;3024246475;;;206
207;805011572;No Registra;;JUNTA ADMINISTRADORA DE ACUEDUCTO Y ALCANTARILLADO CORREGIMIENTO DE SANTA INES;;CORREGIMIENTO SANTA INES SECTOR EL CHAMPUS;3117309455;;;207
208;805012073;No Registra;38322;ASOCIACION DE USUARIOS DEL ACUEDUCTO RURAL COMUNITARIO DE LA VEREDA CAIMITAL, MUNICIPIO DE VIJES - ASUARCAIM;;VEREDA CAIMITAL - CORREGIMIENTO LA RIVERA - VIJES;3112496057;;;208
209;805012084;3345;No Registra;ADMINISTRACION COOPERATIVA LA CUMBRE DAGUA E.S.P.;PTAP CUMBRE - DAGUA;CARRERA 5 CALLE 4;3185480811;110;30200;209
210;805012120;No Registra;No Registra;ECAUSA ESP;;VEREDA LAS PALMAS;8888419;;;210
211;805012795;No Registra;;ASOVORAGINE E.S.P;;VEREDA LA VORAGINE KM 1;3162532200;;;211
212;805013903;No Registra;;SERVIAGUAS MONTEBELLO;;AVENIDA 42 OESTE # 10 - 67;3147455794;;;212
213;805014306;No Registra;104373;ASOCIACION DE USUARIOS DE LOS ACUEDUCTOS EL JARDIN - CALIMITA;ASOCIACION DE USUARIOS DE LOS ACUEDUCTOS EL JARDIN - CALIMITA - EL JARDIN;VDA CALIMITA;3137677675;498;104373;213
214;805014327;No Registra;;ACUEDUCTO PARCELACION LOS PINOS 1;PARCELACION PINOS 1;LOS PINOS;3147249427;3931;143200;214
215;805014496;2493;No Registra;ASOCIACION DE SUSCRIPTORES DEL SERVICIO DE AGUA DE LA VEREDA EL VERGEL - AUVA E.S.P.;AUVA;VEREDA EL VERGEL VIA AL MAR KM 28;3183380707;2899;29761;215
216;805014573;No Registra;;ASOCABUYAL E.S.P;;VIA CRISTO REY KM 7;3136693841;;;216
217;805014602;No Registra;;ASOHORMIGUERO E.S.P ;;CABECERA;3105273034;;;217
218;805015348;No Registra;121827;ASOCIACION AGUA VIGIA CORREGIMIENTO DE ATUNCELA MUNICIPIO DE DAGUA DEPARTAMENTO DEL VALLE DEL CAUCA EN LIQUIDACION;AGUAVIGIA;CORREGIMIENTO ATUNCELA;3113139600;1403;121827;218
219;805015426;No Registra;;ASOCIACION DE USUARIOS DE ACUEDUCTO Y ALCANTARILLADO DE LA OLGA;;CORREGIMIENTO LA OLGA;3146462545;;;219
220;805015648;;No Registra;JUNTA ADMINISTRADORA DE ACUEDUCTO Y ALCANTARILLADO VEREDA ALTO DAPA;;MISCELANEA MIRAVALLE;3113207196;;;220
221;805015999;No Registra;134185;EMPRESA COMUNITARIA ACUEDUCTO RURAL COLECTIVO LAS BRISAS - ECOABRISAS;ECOABRISAS;VEREDA LAS BRISAS;3167273832;2863;134185;221
222;805016027;No Registra;;ACUEDUCTO ALTO LOS MANGOS;;VEREDA LA FONDA;5130521;;;222
223;805016036;No Registra;;ASUCASTILLA E.S.P;;CORREGIMIENTO LA CASTILLA SECTOR GORGONA;3163353294;;;223
224;805016218;No Registra;;ASOUSUARIOS LA LEONERA;;CABECERA ;3104105410;;;224
225;805016626;No Registra;;EL CABUYO;;VEREDA LA FONDA;3164096633;;;225
226;805016669;No Registra;;JADAC E.S.P;;CABECERA LA PAZ FRENTE A LA ESCUELA;;;;226
227;805016720;;;ASOCIACIÓN DE USUARIOS DEL SERVICIO DE AGUA POTABLE DEL SUR;;CALLE 3 # 3 - 48;3218781671;;;227
228;805017036;No Registra;;ACUAELVIRA;;CABECERA LA ELVIRA;3216268932;;;228
229;805017145;No Registra;37556;ASOCIACION ABASTO DE AGUA MARIA - PIÑAL - MUNICIPIO DE LA CUMBRE Y DAGUA VALLE DEL CAUCA;;PARQUE PRINCIPAL CORREGIMIENTO LA MARIA-LA CUMBRE;3215656616;1401;0;229
230;805017145;;37556;ASOCIACION ABASTO DE AGUA MARIA -PIÑAL- MUNICIPIO DE LA CUMBRE Y DAGUA VALLE DEL CAUCA;;PARQUE PRINCIPAL CORREGIMIENTO LA MARIA-LA CUMBRE;3215656616;1401;0;230
231;805017210;No Registra;;SERVIAGUAS EL ESTERO;;VEREDA EL ESTERO;3045794425;;;231
232;805017284;No Registra;;ACUAFLAMENCO E.S.P;;CASA ·56;3147848377;;;232
233;805017364;No Registra;;ACUABUITRERA E.S.P;;KM 3 VEREDA EL PLAN;3259917;;;233
234;805017398;No Registra;;EL MANANTIAL;;VEREDA MORGAN;3017449537;;;234
235;805017649;No Registra;;ASOAGUAS;;VEREDA VILLA DEL ROSARIO;3245929820;;;235
236;805017790;No Registra;; ACUAPAILITAS ESP;;VEREDA PAILITAS ;3212138561;;;236
237;805018394;No Registra;;ASOCIACION DE USUARIOS PICO DE AGUILA;;QUIOSCO DOÑA ROSA;3113319690;;;237
238;805018494;No Registra;;ASOCASCAJAL;;CARRERA 143 FINCA 103;3108951961;;;238
239;805018578;No Registra;;ASOCIACION DE USUARIOS DEL SERVICIO DE AGUA POTABLE Y ALCANTARILLADO DE LA VEREDA MIRAVALLE NORTE;;VEREDA MIRAVALLE NORTE;3156082525;;;239
240;805019480;No Registra;;ECAAF ESP;;CORREGIMIENTO FELIDIA;3003476461;;;240
241;805019516;No Registra;112090;ASOCIACION DE USUARIOS DE LA RED RURAL DE DISTRIBUCION DE AGUA ACUAPALTRES DE VEREDAS DEL MUNICIPIO DE RESTREPO DEPARTAMENTO DEL VALLE DEL CAUCA;ASOCIACION DE USUARIOS DEL ACUEDUCTO TRES PUERTAS - ACUAPALTRES;VEREDA TRES PUERTAS;3216478717;537;112090;241
242;805020658;No Registra;111037;ASOCIACIÓN DE USUARIOS DEL SERVICIO DE AGUA POTABLE Y ALCANTARILLADO DE LA VEREDA EL CHILCAL;EL CHILCAL;VEREDA EL CHILCAL;3147515037;358;111037;242
243;805020822;No Registra;;JUNTA ADMINISTRADORA ACUEDUCTO Y ALCANTARILLADO DE LA BUITRERA;;CENTRO POBLADO LA BUITRERA FRENTE A LA CANCHA;3154942948;;;243
244;805022579;25354;No Registra;JUNTA DE AGUAS VEREDA LA VENTURA - JAGUVEN;JUNTA DE AGUAS DE LA VEREDA LA VENTURA - JAGUVEN ;VEREDA LA VENTURA;3166341888;109;33122;244
245;805023205;No Registra;58649;ASOCIACION DE USUARIOS DEL ACUEDUCTO DE YARUMO JIGUALES;ASOCIACION DE USUARIOS DEL ACUEDUCTO EL YARUMO-JIGUALES;VEREDA JIGUALES;3104575497;394;58649;245
246;805023372;202473235435384;;"CORPORACION REGIONAL DE ACUEDUCTO Y SANEAMIENTO BASICO PUENTE VELEZ ""CORALPEV""";;CALLE 21 # 1 - 07;3128614835;;;246
247;805023625;;99672;JUNTA ADMINISTRADORA DEL SERVICIO PUBLICO DEL AGUA DE LA VEREDA CHICORALITO - CHICOAGUAS;CHICOAGUAS TANQUE # 7;VEREDA CHICORALITO;3155796702;1369;143339;247
248;805024013;No Registra;65691;ASOCIACIÓN DE USUARIOS DEL SERVICIO DE AGUA DEL ACUEDUCTO DE LA VEREDA MADROÑAL SECTOR PUERTA NEGRA DEL SECTOR RURAL DE RESTREPO VALLE DEL CAUCA;ASOCIACION DE USUARIOS DEL ACUEDUCTO ACUA PUERTA NEGRA;PUERTA NEGRA - MADROÑAL;3165260517;233;65691;248
249;805024167;No Registra;;ACUAREFORMA E.S.P;;CALLEJON EL MORRO;3167039177;;;249
250;805024240;39252;No Registra;ASOCIACION DE USUARIOS DEL SERVICIO DE AGUA DE ACUEDUCTO DE JIGUALES, DAGUA, VALLE DEL CAUCA - ACUAJI;ACUASALUD HATOCHICO - SAN DIEGO;CORREGIMIENTO DE JIGUALES - DAGUA;3166395371;3427;35016;250
251;805025960;;45575;ASOCIACION COMUNITARIA DEL ACUEDUCTO ACUACLOR;ACUACLOR;KM 26 VÍA AL KM 30 Y/O CARRERA 11 N°41-68 BARRIO EL TRONCAL CALI;3173488473;3415;45575;251
252;805026117;No Registra;;ASOCIACIÓN COMUNITARIA DEL SERVICIO DE AGUA EL CHOCHO;;FINCA LA VALENTINA VEREDA EL CHOCHO;3147009398;;;252
253;805026701;No Registra;119423;ACUEDUCTO PARCELACION REFUGIOS DEL CALIMA;ACUEDUCTO PARCELACIÓN REFUGIOS DE CALIMA;REFUGIOS DE CALIMA;3163410293;154;119423;253
254;805026779;No Registra;;ASOCIACION DE JUNTA  DE AGUA Y ACUEDUCTO XIXAOLA.;;CL. 8 #38-80;3155720639;;;254
255;805027204;;103022;ASOCIACION DE USUARIOS DEL ACUEDUCTO RURAL COLECTIVO DE LA VEREDA DE MACHADO;ASOCIACIÓN DE USUARIOS RURAL VEREDA MACHADO ACUEDUCTO MACHACHADO;VEREDA MACHADO MEDIO;3182356311;10804;103022;255
256;805027245;No Registra;38267;JUNTA ADMINISTRADORA COMUNITARIA DEL ACUEDUCTO #16 DEL CORREGIMIENTO EL PORVENIR VIJES - LA JACA # 16;PTAP EL PORVENIR;CORREGIMIENTO EL PORVENIR;3113751482;1482;38267;256
257;805027678;No Registra;145138;ACUEDUCTO RURAL ACUANIPU;ASOCIACIÓN DE USUARIOS DEL SERVICIO DE AGUA POTABLE PUEBLO NUEVO Y CABILDO NIAZA-ACUANIPU;EL CHONTADURO;3146266501;13077;145140;257
258;805027678;;43084;ASOCIACION DE USUARIOS DEL SERVICIO DE AGUA POTABLE DE LA VEREDA PUEBLO NUEVO MUNICIPIO DE VIJES Y CABILDO INDIGENA NIAZA MUNICIPIO DE RESTREPO VALLE;ASOCIACIÓN DE USUARIOS DEL SERVICIO DE AGUA POTABLE PUEBLO NUEVO Y CABILDO NIAZA-ACUANIPU;VEREDA PUEBLO NUEVO-CORREGIMIENTO EL TAMBOR;3146266501;13077;145140;258
259;805027784;No Registra;;PARCELACIÓN COLINAS DE ARROYO ALTO;;KILÓMETRO 1 DE LA VÍA A DAPA;6582158;;;259
260;805028227;;28230;ASOCIACION DE USUARIOS DEL ACUEDUCTO PEÑA ALEGRIA KM 26 BORRERO AYERBE MUNICIPIO DE DAGUA, VALLE DEL CAUCA - ASUAPAL;PEÑA ALEGRIA;VEREDA KM 26;3113492101;2896;28230;260
261;805028418;;No Registra;TERRANOVA SERVICIOS S.A E.S.P;;CALLE 17 # 50 SUR 22;3005700063;;;261
262;805028519;No Registra;;ACUA 18 ESP;;KM 18 VIAL AL MAR ;3175732430;;;262
263;805028665;No Registra;58639;ASOCIACION DE USUARIOS Y SUSCRIPTORES DEL SERVICIO DE ACUEDUCTO DE LAS VEREDAS AGUACATE-POTRERILLO - ACUAPOT;AGUAPOT;VEREDA POTRERILLO - FINCA LAS VEGAS;3113322596;547;58639;263
264;805028947;No Registra;135283;PARCELACIÓN EL CORTIJO DEL PALMAR;;PARCELACIÓN EL CORTIJO DEL PALMAR;3206301922;2869;135283;264
265;805029006;No Registra;59537;ASOCIACION DE USUARIOS Y/O SUSCRIPTORES DEL SERVICIO DE AGUA POTABLE DE LA VEREDA SANTA ROSA MUNICIPIO DE RESTREPO DEPARTAMENTO DEL VALLE DEL CAUCA;;SANTA ROSA;3136601000;;;265
266;805029215;No Registra;No Registra;ACUAMONACO;;VECINOS DE CRISTO REY KM 7;3113382155;;;266
267;805029678;No Registra;59624;ASOCIACIÓN DE USUARIOS DEL ACUEDUCTO RURAL COMUNITARIO DEL CORREGIMIENTO DE SAN ANTONIO DE PIEDRAS ASUASAP MUNICIPIO DE YOTOCO ;SAN ANTONIO DE PIEDRAS;CGTO. SAN ANTONIO DE PIEDRAS;3157899675;3404;59624;267
268;805029911;No Registra;;USUARIOS DE SERVICIO DE ACUEDUCTO ACUAMAMEYAL;;VECINOS DE CRISTO REY KM 1;3155503275;;;268
269;805030133;No Registra;;ACUAPILAS;;VEREDA PILAS DEL CABUYAL;3233992942;;;269
270;805031240;No Registra;;PARCELACIÓN ALTOS DE LAS MAÑANITAS - PROPIEDAD HORIZONTAL;;ARROYOHONDO - KILÓMETRO 4 CALLE 10 NO.23-320;3155715900;;;270
271;805031584;No Registra;59616;ASOCIACION DEL SISTEMA DE ABASTECIMIENTO DE AGUA DE LA VEREDA SAN PABLO DEL MUNICIPIO DE RESTREPO VALLE DEL CAUCA;SISTEMA DE ABASTECIMIENTO DE AGUA DE LA VEREDA SAN PABLO;FINCA LA CAJA - VEREDA SAN PABLO;3227783348;487;59616;271
272;805031705;No Registra;60317;ACUEDUCTO ANTIGUO DE JIGUALES;ACUEDUCTO ANTIGUO DE JIGUALES;JIGUALES;3183760968;495;60317;272
273;805214905;No Registra;;ASAVLASI ESP;;VEREDA LA SIRENA;3123564042;;;273
274;810003856;No Registra;76111;ASOCIACION DE SUSCRIPTORES DE ACUEDUCTOS Y ALCANTARILLADO DE  ZANJON HONDO - ASUACOZAN;;VEREDA ZANJON HONDO;3128054445;;;274
275;815000272;0;No Registra;CONDOMINIO LAGOS DE MARACAIBO;;VIA TABLONES POTRERILLO;;;;275
276;815000329;;;AQUASERVICIOS SA ESP;;MANZANA 21 CASA 166 KM 5 VÍA CALI – CANDELARIA, URBANIZACIÓN ARBOLEDA CAMPESTRE;;;;276
277;815000916;67172;;ASOCIACION DE USUARIOS DEL SERVICIO DE AGUA POTABLE Y/O ALCANTARILLADO Y/O ASEO DEL CRGT. DE COSTA RICA MUNICIPIO GINEBRA - ASUALCAN;ASUALCAN;CARRERA 7 # 11 -23 GINEBRA;3207645618;3042;67172;277
278;815001010;2353;No Registra;LA ASOCIACION DE USUARIOS DEL ACUEDUCTO Y/O ALCANTARILLADO Y/O ASEO DE CAMPO ALEGRE - AUSERACA;AUSERACA;VEREDA CAMPO ALEGRE ENTRADA PRINCIPAL EL EDÉN;3175047585;36;41579;278
279;815001036;;;ASOCIACIÒN DE USUARIOS DE ACUEDUCTO, ALCANTARILLADO Y ASEO DE SAN JOAQUIN ESP;; CARRERA 6 # 5A-42;2619847;;;279
280;815001135;;;ASOCIACION DE USUARIOS DEL ACUEDUCTO Y ALCANTARILLADO EL ARENAL ESP;;CORREGIMIENTO EL ARENAL;;;;280
281;815001629;;;AGUAS DE BUGA SA ESP;;KM 1 VIA BUGA LA HABANA ;2281074;;;281
282;815003518;;;ACUASALUD MANANTIAL;;VEREDA EL MANANTIAL;3163049515;;;282
283;815003556;;;ASOCIACION DE USUARIOS DEL ACUEDUCTO Y/0 ALCANTARILLADO PUEBLITO VIEJO ESP;;CORREGIMIENTO EL ARENAL CASERIO PUBLITO VIEJO CANDELARIA;;;;283
284;815003584;;;ASOCIACION DE USUARIOS DE ACUEDUCTO Y ALCANTARILALDO CHAMBIMBAL LA CAMPIÑA;;CHAMBIMBAL LA CAMPIÑA;3113237408;;;284
285;815003700;;;ASOCIACION DE USUARIOS DEL ACUEDUCTO Y ALCANTARILLADO Y/O ASEO CHAMBIMBAL SAN ANTONIO;;CHAMBIMBAL SAN ANTONIO;3126080714;;;285
286;815003774;No Registra;76111;ASOCIACION DE SUSCRIPTORES ACUEDUCTO Y ALCANTARILLADO DEL VINCULO;;VEREDA EL VINCULO;3167405805;;;286
287;815004108;;;ASOCIACION DE COPROPIETARIOS URBANIZACION EN CONJUNTO RESIDENCIAL VILLA TERESA;;CALLEJON GUALES VILLA TERESA;;;;287
288;815004543;No Registra;76111;ACUAJANEIRO;;VEREDA EL JANEIRO ;2599792;;;288
289;815004593;;32189;ASOCIACION DE USUARIOS DEL SERVICIO DE AGUA POTABLE DE EL CASTILLO MUNICIPIO DE EL CERRITO. ASOSEAGUAS - RECAHON;PTAP RECAHON;CORREGIMIENTO EL CASTILLO;3113336754;1390;32189;289
290;815005078;;31392;ASOCIACION DE USUARIOS DEL ACUEDUCTO Y/O ALCANTARILLADO Y/O ASEO ACUALLANITO E.S.P.;PTAP LUCIDES POLANIA;CORREGIMIENTO EL LLANITO;3182523741;1633;31392;290
291;815005131;59620;;ASOCIACION ADMINISTRADORA DEL ACUEDUCTO RURAL COMUNITARIO DEL CORREGIMIENTO DE PUENTE ROJO ACUASALUD PUENTE ROJO - ACUAPUERO;ACUAPUERO;CORREGIMIENTO PUENTE ROJO;3146262560;1391;59620;291
292;821000379;No Registra;59636;FUNDACION DE USUARIOS DEL ACUEDUCTO DEL CORREGIMIENTO DE PORTUGAL DE PIEDRAS DEL MUNICIPIO DE RIOFRIO - ACUEPORT;PORTUGAL DE PIEDRAS;VEREDA PORTUGAL DE PIEDRAS;3187533995;507;59636;292
293;821000404;23149;No Registra;FUNDACION DE USUARIOS DEL ACUEDUCTO DEL CORREGIMIENTO DE SALONICA - ACUASALONICA;"FUNDACION USUARIOS ACUEDUCTO SALONICA ""ACUASALONICA""";CR 3 # 10-22;3128534893;4894;58946;293
294;821000473;No Registra;58606;FUNDACION DE USUARIOS DEL ACUEDUCTO DEL CORREGIMIENTO DE FENICIA;FENICIA;CORREGIMIENTO FENICIA;3205238295;510;58606;294
295;821000539;;;ASOCIACION DE USUARIOS DEL SERVICIO DE AGUA POTABLE Y ALCANTARILLADO DE BOCAS DE TULUA;;CORREGIMIENTO BOCAS DE TULUA;3136857876;;;295
296;821000540;;;ASOCIACION DE SUSCRIPTORES DEL ACUEDUCTO LA PALMERA ASPAL;;CORREGIMIENTO LA PALMERA;3168637789;;;296
297;821000541;;;ASDAL TRES ESQUINAS - ASOCIACIÓN DE SUSCRIPTORES DE ACUEDUCTO Y ALCANTARILLADO DE TRES ESQUINAS ;;CORREGIMIENTO TRES ESQUINAS;2310866;;;297
298;821000548;No Registra;59617;ASOCIACIÓN DE USUARIOS DEL SERVICIO DE AGUA POTABLE Y ALCANTARILLADO DE HUASANO - AUSAPAH;ACUEDUCTO HUASANO;HUASANO;3216159764;2789;59617;298
299;821000551;;;ASOCIACIÓN DE AFILIADOS Y/O USUARIOS DEL SERVICIO DE AGUA POTABLE Y ALCANTARILLADO DEL CORREGIMIENTO DE NARIÑO ESP;;CORREGIMIENTO NARIÑO;2307846;;;299
300;821000627;;;ASOCIACION DE SUSCRIPTORES DEL ACUEDUCTO Y ALCANTARILLADO CAMPOALEGRE TULUA;;CORREGIMIENTO CAMPOALEGRE;3156892353;;;300
301;821000830;2416;No Registra;ASOCIACION DE USUARIOS DE LOS SERVICIOS PUBLICOS DEL CORREGIMIENTO DE CEILAN MUNICIPIO DE BUGALAGRANDE DEPARTAMENTO DEL VALLE DEL CAUCA;;CL 4 # 4-27  GALERÍA;31O3895864;;;301
302;821001138;3344;No Registra;ADMINISTRACION COOPERATIVA ULLOA E.S.P ;SISTEMA # 1 CHAPINERO ;VEREDA CHAPINERO;3128636128;2562;91936;302
303;821001232;No Registra;821001232;ACUEDUCTO RURAL BELLAVISTA;CORPORACION NACIONAL PECUARIA Y AGRICOLA VEREDA BELLAVISTA;VEREDA BELLAVISTA;3117942503;1954;117878;303
304;821001273;No Registra;113534;ASOCIACION DE USUARIOS DEL ACUEDUCTO DE LA VEREDA DE MORROPLANCHO DEL MUNICIPIO DE RIOFRIO VALLE. - ACUAMORROPLANCHO;ACUEDUCTO ACUAMORROPLANCHO ALTO;VEREDA MORROPLANCHO ALTO;3137524281;9977;58641;304
305;821001335;20634;No Registra;ADMINISTRACION COOPERATIVA SAN ROQUE - LA SOLEDAD ;ADMINISTRACION COOPERATIVA SAN ROQUE ESP ;VEREDA LA SOLEDAD;3117691863;1027;11932;305
306;821001397;No Registra;61999;ASOCIACIÓN DE USUARIOS DEL ACUEDUCTO COMUNITARIO DE ANDINAPOLIS;ASOCIACION DE USUARIOS DEL ACUEDUCTO DE ANDINAPOLIS - ARCA;ANDINAPOLIS;3206527506;3286;61999;306
307;821001404;3377;No Registra;ADMINISTRACIÓN COOPERATIVA SEVILLA E.S.P. - APC SEVILLA ESP -;ADMINISTRACION COOPERATIVA SEVILLA E.S.P. LA CUCHILLA EL JARDIN;CL 49 # 47-57 PISO 3;3122573605;539;58941;307
308;821001746;No Registra;58635;JUNTA ADMINISTRADORA DEL ACUEDUCTO LA RIVERA;JUNTA ADMINISTRADORA ACUEDUCTO RIVERA - LA TESALIA;VEREDA LA RIVERA;3206464025;173;64035;308
309;821001903;No Registra;62095;ASOCIACIÓN DE USUARIOS DEL SERVICIO DE AGUA POTABLE Y ALCANTARILLADO DE RICAURTE VALLE - ASERCOM;ASOCIACION DE USUARIO DEL AGUA POTABLE Y ALCANTARILLADO  DE RICAURTE                                                                                  ;RICAURTE;3104038991;183;62095;309
310;821001943;24817;No Registra;ASOCIACION DE SUSCRIPTORES DE ACUEDUCTO Y ALCANTARILLADO SAN JOSE - ASAAL;ASOCIACION DE SUSCRIPTORES ACUEDUCTO Y ALCANTARILLADO SAN JOSE - ASAAL;CORREGIMIENTO SAN JOSE;3122103180;927;60316;310
311;821002115;2018142852364789;;CENTROAGUAS S.A. E.S.P.;;CARRERA 26 NO 27-51;2317300;;;311
312;821002119;;62922;ASOCIACION DE USUARIOS DEL ACUEDUCTO SANTA CLARA - MONTEÑUELA;SANTA CLARA (ASUMO);VEREDA MONTAÑUELA;3155867388;1998;62922;312
313;821002371;3023;No Registra;ASOCIACION DE USUARIOS DE LOS SERVICIOS PUBLICOS DE LA PAILA ASEPAILA;ACUEDUCTO ASEPAILA;LA PAILA;2205509;164;58665;313
314;821002579;3090;No Registra;ASOCIACION CIVICA JUNTA ADMINISTRADORA DEL ACUEDUCTO DEL CORREGIMIENTO DE SAN FRANCISCO;CORREGIMIENTO SAN FRANCISCO;CORREGIMIENTO DE SAN FRANCISCO;3234726852;44;88260;314
315;821002631;No Registra;81278;JUNTA ADMINISTRADORA DEL ACUEDUCTO BARRIO VILLA NUBIA;ACUEDUCTO VILLA NUBIA;BARRIO VILLA NUBIA;3117354600;1068;81278;315
316;821002787;No Registra;58628;ASOCIACION DE USUARIOS DEL ACUEDUCTO DE LAS VEREDAS BUENAVISTA Y LA BOHEMIA E.S.P.;VEREDAS BUENAVISTA LA BOHEMIA;VEREDA BUENAVISTA LA BOHEMÍA;3152337191;231;58628;316
317;821002800;No Registra;111988;ASOCIACIÓN DE USUARIOS DEL ACUEDUCTO EL BOSQUE NO. 1;ASOCIACION DE USUARIOS DEL ACUEDUCTO EL BOSQUE # 1;VEREDA EL BOSQUE # 1;3177603322;12872;111988;317
318;821002832;23152;No Registra;ASOCIACION DE USUARIOS DEL ACUEDUCTOS DEL ROBLE;ACUAROBLE SISTEMA#1 SAN AGUSTIN;VEREDA SAN AGUSTIN;3106247781;2154;81560;318
319;821002836;22391;No Registra;ASOCIACION DE USUARIOS DEL ACUEDUCTO Y ALCANTARILLADO DEL CORREGIMIENTO LOS CHANCOS SAN PEDRO VALLE;ASOCIACION DE USUARIOS DEL ACUEDUCTO Y ALCANTARILLADO DEL CORREGIMIENTO LOS CHANCOS SAN PEDRO VALLE                                                                ;CORREGIMIENTO LOS CHANCOS;3148301698;194;59536;319
320;821002909;No Registra;58938;JUNTA ADMINISTRADORA DEL ACUEDUCTO DE LA VEREDA ESTACIÓN CAICEDONIA - ASUAESCA;;VEREDA ESTACIÓN CAICEDONIA;3215593107;;;320
321;821003286;No Registra;59619;ASOCIACIÓN DE USUARIOS DEL ACUEDUCTO DEL CORREGIMIENTO DE LA HERRADURA ASUAHER MUNICIPIO DE BOLIVAR VALLE DEL CAUCA;ASOCIACION DE USUARIOS DEL ACUEDUCTO LA HERRADURA;LA HERRADURA;3172944315;2170;59619;321
322;830501483;32190;;ASOCIACION DE USUARIOS DEL SERVICIO DE AGUA POTABLE Y ALCANTARILLADO DE EL QUEREMAL - ASUAQ;ACUEDUCTO EL QUEREMAL;CR 10 9-15-CGTO EL QUEREMAL-DAGUA;2687352;48;32190;322
323;830501969;;;ASOCIACION DE USUARIOS DEL ACUEDUCTO Y ALCANTARILLADO DE VILLA RODAS;ASOCIACION DE USUARIOS DEL ACUEDUCTO Y ALCANTARILLADO VILLA RODAS #2;CORREGIMIENTO VILLA RODAS;3165307604;1919;14638;323
324;830503818;24742;No Registra;ASOCIACION DE USUARIOS DEL ACUEDUCTO LA PALMA;ASOCIACION DE USUARIOS ACUEDUCTO LA PALMA;VEREDA LA PALMA;3117707468;3508;81233;324
325;830505348;No Registra;No Registra; ASOCIACION ADMINISTRADORA DE AGUAS EN EL SECTOR DE LAS BRISAS PARTE BAJA DE LA VEREDA EL CHOCHO.;;FINCA EL BARCO SECTOR LAS BRISAS PARTE BAJA DE LA LA VEREDA EL CHOCHO CORREGIMIENTO SANTA INÉS;3127132589;;;325
326;830506907;No Registra;1;JUNTA ADMINISTRADORA DE ACUEDUCTO, ALCANTARILLADO Y SANEAMIENTO BASICO DE LA VEREDA MANGA VIEJA;;INSTITUCIONEDUCATIVA DE MANGA VIEJA;;;;326
327;830508071;No Registra;121705;ASOCIACIÓN DE USUARIOS DEL ACUEDUCTO DE BUENOS AIRES;ASOCIACION DE USUARIOS DEL ACUEDUCTO DE BUENOS AIRES;VEREDA BUENOS AIRES;3113894100;2171;121705;327
328;830508552;No Registra;59787;ASOCIACION DE USUARIOS DEL ACUEDUCTO DE SAMARIA - ACUASAMARIA ;;SAMARIA;3116472566;;;328
329;830509358;;No Registra;JUNTA ADMINISTRADORA ACUEDUCTO Y ALCANTARILLADO ACUALANDAYES;;DAPA SECTOR LOS ACUALANDAYES;3175173960;;;329
330;830509859;;87883;ASOCIACION DE USUARIOS DEL ACUEDUCTO RURAL AJIZAL-TAMBORAL-LA CHICA -LA AGUADA;ASOCIACION DE USUARIOS DE ACUEDUCTO RURAL LA AGUADA - LA CHICA- EL AJIZAL - TAMBORAL ;VEREDA LA AGUADA ALTA;3206118403;19784;87883;330
331;830510464;No Registra;65487;ASOCIACION JUNTA ADMINISTRADORA DEL ACUEDUCTO LA DIAMANTINA;;LA DIAMANTINA;3147919058;;;331
332;835001290;202263190403199;No Registra;SOCIEDAD DE ACUEDUCTO Y ALCANTARILLADO DE BUENAVENTURA S.A. ESP;;DIAGONAL 3 CRA 4 ESQUINA BARRIO OBRERO;2410990;;;332
333;836000349;No Registra;87135;EMPRESAS MUNICIPALES DE CARTAGO ESP SIGLA EMCARTAGO ESP;; CALLE 1E # 1-00;2110060;;;333
334;850010716;;No Registra;JUNTA COMUNITARIA ADMINISTRADORA DE ACUEDUCTO;;CASETA COMUNAL CENTRO POBLADO MULALO;3218500679;;;334
335;890302594;No Registra;;MAYAGÜEZ SA;;KM 2 VIA LA TUPIA;;;;335
336;890309293;890309293;No Registra;JAC EL RETIRO;;CARRERA 122 ENTRE CALLE 12 Y 13;3155238746;;;336
337;890324358;;124273;ACUEDUCTO INSTITUCION EDUCATIVA LA LIBERTAD;ACUEDUCTO INSTITUCIÓN EDUCATIVA LA LIBERTAD;VEREDA EL RETIRO;3138543568;3671;124273;337
338;890331975;890331975;No Registra;JAC CAÑASGORDAS;;CARRERA 122 # 12 - 01;5552546;;;338
339;890399003;;;EMPRESAS MUNICIPALES DE CALI.EMCALI EICE ESP;;AV 2N ENTRE CALLES 10 Y 11 CAM TORRE EMCALI;5728999999;22922;0;339
340;890399003;2438;No Registra;EMPRESAS MUNICIPALES DE CALI EICE ESP;; AVENIDA 2 N #10 - 65 CAM TORRE EMCALI, SANTIAGO DE CALI;;22922;0;340
341;8903990034;No Registra;;EMPRESAS MUNICIPALES DE CALI E.I.C.E - E.S.P;;AVENIDA 2N ENTRE CALLES 10 Y 11 CAM TORRE EMCALI;8999999;;;341
342;890399032;;;ACUAVALLE S.A E.S.P;ACUEDUCTO RURAL TABLEROS ACUAVALLE S.A ESP;CARRERA 12 #  9 - 32;5166502;157;70676;342
343;890399032;433;No Registra;SOCIEDAD DE ACUEDUCTOS Y ALCANTARILLADOS DEL VALLE DEL CAUCA S.A. E.S.P. ACUAVALLE S.A. E.S.P. - FLORIDA;ACUEDUCTO RURAL TABLEROS ACUAVALLE S.A ESP;CRA 19 #8-30;6203400;157;70676;343
344;890399032;443;No Registra;SOCIEDAD DE ACUEDUCTOS Y ALCANTARILLADOS DEL VALLE DEL CAUCA S.A. E.S.P. ACUAVALLE S.A. E.S.P. - RIOFRIO;ACUEDUCTO RURAL TABLEROS ACUAVALLE S.A ESP;CL. 23B NTE. #5 N-41;6203400;157;70676;344
345;890399032;443;No Registra;SOCIEDAD DE ACUEDUCTOS Y ALCANTARILLADOS DEL VALLE DEL CAUCA S.A. E.S.P. ACUAVALLE S.A. E.S.P.-RESTREPO;ACUEDUCTO RURAL TABLEROS ACUAVALLE S.A ESP;CL 10 # 7-41;2522797;157;70676;345
346;890399032;443;No Registra;SOCIEDAD DE ACUEDUCTOS Y ALCANTARILLADOS DEL VALLE DEL CAUCA S.A. E.S.P. ACUAVALLE S.A. E.S.P. - GINEBRA;ACUEDUCTO RURAL TABLEROS ACUAVALLE S.A ESP;CL. 23B NTE. #5 N-41;6203400;157;70676;346
347;890399032;443;No Registra;SOCIEDAD DE ACUEDUCTOS Y ALCANTARILLADOS DEL VALLE DEL CAUCA S.A. E.S.P. ACUAVALLE S.A. E.S.P. - GUACARÍ;ACUEDUCTO RURAL TABLEROS ACUAVALLE S.A ESP;CL. 23B NTE. #5 N-41;6203400;157;70676;347
348;890399032;443;No Registra;SOCIEDAD DE ACUEDUCTOS Y ALCANTARILLADOS DEL VALLE DEL CAUCA S.A. E.S.P. ACUAVALLE S.A. E.S.P. - LA VICTORIA;ACUEDUCTO RURAL TABLEROS ACUAVALLE S.A ESP;CL. 23B NTE. #5 N-41;3104929409;157;70676;348
349;890399032;443;No Registra;SOCIEDAD DE ACUEDUCTOS Y ALCANTARILLADOS DEL VALLE DEL CAUCA S.A. E.S.P. ACUAVALLE S.A. E.S.P. - VIJES;ACUEDUCTO RURAL TABLEROS ACUAVALLE S.A ESP;CL. 23B NTE. #5 N-41;6203400;157;70676;349
350;890399032;443;No Registra;SOCIEDAD DE ACUEDUCTOS Y ALCANTARILLADOS DEL VALLE DEL CAUCA S.A. E.S.P. ACUAVALLE S.A. E.S.P. - YOTOCO;ACUEDUCTO RURAL TABLEROS ACUAVALLE S.A ESP;CL. 23B NTE. #5 N-41;6203400;157;70676;350
351;890399032;443;No Registra;SOCIEDAD DE ACUEDUCTOS Y ALCANTARILLADOS DEL VALLE DEL CAUCA S.A. E.S.P. ACUAVALLE S.A. E.S.P.-ARGELIA;ACUEDUCTO RURAL TABLEROS ACUAVALLE S.A ESP;CALLE 3 # 6 - 17 CENTRO;2068227;157;70676;351
352;890399032;443;No Registra;SOCIEDAD DE ACUEDUCTOS Y ALCANTARILLADOS DEL VALLE DEL CAUCA S.A. E.S.P. ACUAVALLE S.A. E.S.P. - EL CARMEN;ACUEDUCTO RURAL TABLEROS ACUAVALLE S.A ESP;CL. 23B NTE. #5 N-41;;157;70676;352
353;890399032;443;No Registra;SOCIEDAD DE ACUEDUCTOS Y ALCANTARILLADOS DEL VALLE DEL CAUCA S.A. E.S.P. ACUAVALLE S.A. E.S.P.- DAGUA;ACUEDUCTO RURAL TABLEROS ACUAVALLE S.A ESP;CL. 23B NTE. #5 N-41;6203400;157;70676;353
354;890399032;443;No Registra;SOCIEDAD DE ACUEDUCTOS Y ALCANTARILLADOS DEL VALLE DEL CAUCA S.A. E.S.P. ACUAVALLE S.A. E.S.P.-SEVILLA;ACUEDUCTO RURAL TABLEROS ACUAVALLE S.A ESP;CR 49 # 50-41;2196110;157;70676;354
355;890399032;443;No Registra;SOCIEDAD DE ACUEDUCTOS Y ALCANTARILLADOS DEL VALLE DEL CAUCA S.A. E.S.P. ACUAVALLE S.A. E.S.P.-TORO;ACUEDUCTO RURAL TABLEROS ACUAVALLE S.A ESP;CRA. 2 # 7- 46 CENTRO;3223605259;157;70676;355
356;890399032;443;No Registra;SOCIEDAD DE ACUEDUCTOS Y ALCANTARILLADOS DEL VALLE DEL CAUCA S.A. E.S.P. ACUAVALLE S.A. E.S.P. - ZARZAL;ACUEDUCTO RURAL TABLEROS ACUAVALLE S.A ESP;CR 8 # 9-50;2209559;157;70676;356
357;890399032;443;No Registra;SOCIEDAD DE ACUEDUCTOS Y ALCANTARILLADOS DEL VALLE DEL CAUCA S.A. E.S.P. ACUAVALLE S.A. E.S.P.-LA UNIÓN;ACUEDUCTO RURAL TABLEROS ACUAVALLE S.A ESP;CALLE 12 # 13 - 29 B/ BELEN;2293156;157;70676;357
358;890399032;443;No Registra;SOCIEDAD DE ACUEDUCTOS Y ALCANTARILLADOS DEL VALLE DEL CAUCA S.A. E.S.P. ACUAVALLE S.A. E.S.P. - ANDALUCIA;ACUEDUCTO RURAL TABLEROS ACUAVALLE S.A ESP;CL 13 #2-06;6203400;157;70676;358
359;890399032;443;No Registra;SOCIEDAD DE ACUEDUCTOS Y ALCANTARILLADOS DEL VALLE DEL CAUCA S.A. E.S.P. ACUAVALLE S.A. E.S.P. - SAN PEDRO;ACUEDUCTO RURAL TABLEROS ACUAVALLE S.A ESP;CL. 23B NTE. #5 N-41;6203400;157;70676;359
360;890399032;443;No Registra;SOCIEDAD DE ACUEDUCTOS Y ALCANTARILLADOS DEL VALLE DEL CAUCA S.A. E.S.P. ACUAVALLE S.A. E.S.P. - TRUJILLO;ACUEDUCTO RURAL TABLEROS ACUAVALLE S.A ESP;CL. 23B NTE. #5 N-41;6203400;157;70676;360
361;890399032;443;No Registra;SOCIEDAD DE ACUEDUCTOS Y ALCANTARILLADOS DEL VALLE DEL CAUCA S.A. E.S.P. ACUAVALLE S.A. E.S.P.-EL ÁGUILA;ACUEDUCTO RURAL TABLEROS ACUAVALLE S.A ESP;CRA. 2 # 5 - 50 CENTRO;3185573825;157;70676;361
362;890399032;443;No Registra;SOCIEDAD DE ACUEDUCTOS Y ALCANTARILLADOS DEL VALLE DEL CAUCA S.A. E.S.P. ACUAVALLE S.A. E.S.P. - EL CAIRO;ACUEDUCTO RURAL TABLEROS ACUAVALLE S.A ESP;CL. 23B NTE. #5 N-41;6203400;157;70676;362
363;890399032;443;No Registra;SOCIEDAD DE ACUEDUCTOS Y ALCANTARILLADOS DEL VALLE DEL CAUCA S.A. E.S.P. ACUAVALLE S.A. E.S.P.-TABLEROS;ACUEDUCTO RURAL TABLEROS ACUAVALLE S.A ESP;CL. 23B NTE. #5 N-41;6203400;157;70676;363
364;890399032;443;No Registra;SOCIEDAD DE ACUEDUCTOS Y ALCANTARILLADOS DEL VALLE DEL CAUCA S.A. E.S.P. ACUAVALLE S.A. E.S.P.-ULLOA;ACUEDUCTO RURAL TABLEROS ACUAVALLE S.A ESP;CRA. 3 # 5 - 42 LA GLORIA;6203400;157;70676;364
365;890399032;433;No Registra;SOCIEDAD DE ACUEDUCTOS Y ALCANTARILLADOS DEL VALLE DEL CAUCA S.A. E.S.P. ACUAVALLE S.A. E.S.P. - ROLDANILLO;ACUEDUCTO RURAL TABLEROS ACUAVALLE S.A ESP;CALLE 7 # 9 -111;3127722474;157;70676;365
366;890399032;443;No Registra;SOCIEDAD DE ACUEDUCTOS Y ALCANTARILLADOS DEL VALLE DEL CAUCA S.A. E.S.P. ACUAVALLE S.A. E.S.P. - EL CERRITO;ACUEDUCTO RURAL TABLEROS ACUAVALLE S.A ESP;CL. 23B NTE. #5 N-41;62034001;157;70676;366
367;890399032;443;No Registra;SOCIEDAD DE ACUEDUCTOS Y ALCANTARILLADOS DEL VALLE DEL CAUCA S.A. E.S.P. ACUAVALLE S.A. E.S.P. - EL DOVIO ;ACUEDUCTO RURAL TABLEROS ACUAVALLE S.A ESP;CL. 23B NTE. #5 N-41;6203400;157;70676;367
368;890399032;443;No Registra;SOCIEDAD DE ACUEDUCTOS Y ALCANTARILLADOS DEL VALLE DEL CAUCA S.A. E.S.P. ACUAVALLE S.A. E.S.P. - PRADERA;ACUEDUCTO RURAL TABLEROS ACUAVALLE S.A ESP;CL. 23B NTE. #5 N-41;6203400;157;70676;368
369;890399032;443;No Registra;SOCIEDAD DE ACUEDUCTOS Y ALCANTARILLADOS DEL VALLE DEL CAUCA SA ESP;ACUEDUCTO RURAL TABLEROS ACUAVALLE S.A ESP;AVENIDA 5 23 A NORTE 41 , CALI;;157;70676;369
370;890399032;443;No Registra;SOCIEDAD DE ACUEDUCTOS Y ALCANTARILLADOS DEL VALLE DEL CAUCA S.A. E.S.P. ACUAVALLE S.A. E.S.P. - BOLIVAR;ACUEDUCTO RURAL TABLEROS ACUAVALLE S.A ESP;CALLE 5 # 2 - 54;2224028;157;70676;370
371;890399032;443;No Registra;SOCIEDAD DE ACUEDUCTOS Y ALCANTARILLADOS DEL VALLE DEL CAUCA S.A. E.S.P. ACUAVALLE S.A. E.S.P.-ALCALÁ;ACUEDUCTO RURAL TABLEROS ACUAVALLE S.A ESP;CALLE 5 # 6 - 07 CENTRO;2004129;157;70676;371
372;890399032;443;No Registra;SOCIEDAD DE ACUEDUCTOS Y ALCANTARILLADOS DEL VALLE DEL CAUCA S.A. E.S.P. ACUAVALLE S.A. E.S.P.-ANSERMANUEVO;ACUEDUCTO RURAL TABLEROS ACUAVALLE S.A ESP;CALLE 6 # 5 - 41 CENTRO;2052196;157;70676;372
373;890399032;443;No Registra;SOCIEDAD DE ACUEDUCTOS Y ALCANTARILLADOS DEL VALLE DEL CAUCA S.A. E.S.P. ACUAVALLE S.A. E.S.P.-BUGALAGRANDE;ACUEDUCTO RURAL TABLEROS ACUAVALLE S.A ESP;CL 13 # 2-06 (ANDALUCIA);2236102;157;70676;373
374;890399032;443;No Registra;SOCIEDAD DE ACUEDUCTOS Y ALCANTARILLADOS DEL VALLE DEL CAUCA S.A. E.S.P. ACUAVALLE S.A. E.S.P.-CAICEDONIA;ACUEDUCTO RURAL TABLEROS ACUAVALLE S.A ESP;CL 8 # 15-51;3207277261;157;70676;374
375;890399032;443;No Registra;SOCIEDAD DE ACUEDUCTOS Y ALCANTARILLADOS DEL VALLE DEL CAUCA S.A. E.S.P. ACUAVALLE S.A. E.S.P.-LA CUMBRE;ACUEDUCTO RURAL TABLEROS ACUAVALLE S.A ESP;CALLE 1 N° 4 - 80;6203400;157;70676;375
376;890399032;443;No Registra;SOCIEDAD DE ACUEDUCTOS Y ALCANTARILLADOS DEL VALLE DEL CAUCA S.A. E.S.P. ACUAVALLE S.A. E.S.P.-OBANDO;ACUEDUCTO RURAL TABLEROS ACUAVALLE S.A ESP;CLL 4 #3-29;3128347773;157;70676;376
377;891190030;No Registra;66187;ACUEDUCTO DE USUARIOS DE LA ZULIA - ACUAZULIA - ;JUNTA ADMINISTRADORA DEL ACUEDUCTO DE USUARIO DE LA ZULIA ACUAZULIA LOS ALPES;VEREDA LOS ALPES;3104679189;2786;66187;377
378;891190030;No Registra;;ACUEDUCTO LOS ALPES;JUNTA ADMINISTRADORA DEL ACUEDUCTO DE USUARIO DE LA ZULIA ACUAZULIA LOS ALPES;LOS ALPES;3158216035;2786;66187;378
379;891300513;;121063;INGENIO PICHICHI S.A.;PTAP INGENIO PICHICHI;VEREDA PICHICHI;3108490845;1392;121063;379
380;900002521;21068;No Registra;ASUASPEL- ASOCIACIÓN DE USUARIOS ACUEDUCTO SAN PEDRO Y SAN LUIS;ASOCIACION DE USUARIOS  SAN PEDRO SAN LUIS- SECTOR 2; CALLE 22 N° 22-49 BARRIO SAN PEDRO, LA UNIÓN VALLE;2293805;2902;126423;380
381;900002521;21068;No Registra;ASUASPEL- ASOCIACIÓN DE USUARIOS ACUEDUCTO SAN PEDRO Y SAN LUIS - SECTOR SILOÉ-EL CARMEN #2;ASOCIACION DE USUARIOS  SAN PEDRO SAN LUIS- SECTOR 2; CALLE 22 N° 22-49 BARRIO SAN PEDRO, LA UNIÓN VALLE;3217365561;2902;126423;381
382;900005956;;;EMPRESA OFICIAL DE SERVICIOS PÚBLICOS DE YUMBO S.A E.S.P;; CALLE 16 VÍA PANORAMA # 2N - 20, YUMBO;6570621;;;382
383;900013646;No Registra;60116;ASOCIACION DE USUARIOS DEL ACUEDUCTO LA TULIA;;CORREGIMIENTO LA TULIA;3166641501;;;383
384;900013647;No Registra;122659;ASOCIACIÓN DE USUARIOS DE SERVICIOS PÚBLICOS DEL ACUEDUCTO GUASIMAL-ALIZAL EN LIQUIDACION;ASOCIACION DE USUARIOS DE SERVICIOS PUBLICOS DEL ACUEDUCTO GUASIMAL-ALIZAL -ASERPUGAZ.;VEREDA EL ALISAL;3162565232;18517;122659;384
385;900022517;;;ASOCIACION COMUNITARIA DE GESTION DEL RECURSO HIDRICO DEL CORREGIMIENTO LA HABANA VEREDAS LA PISCINA, LA HABANA, LA MAGDALENA, LAS BRISAS;;VEREDA LA HABANA;3164634270;;;385
386;900025038;No Registra;39037;JUNTA ADMINISTRADORA DE AGUAS, VEREDA EL JORDAN, MUNICIPIO DE DAGUA - ACUASALUD E.S.P.;;VEREDA EL JORDAN - CORREGIMIENTO DE SAN BERNARDO - DAGUA ;3166390063;3421;39037;386
387;900025146;;41031;ASOCIACIÓN DE USUARIOS DE ACUEDUCTO Y SERVICIOS BÁSICOS DE LA VEREDA PUEBLO NUEVO CORREGIMIENTO BORRERO AYERBE DEL MUNICIPIO DE DAGUA VALLE;PTAP A.U.AS.B;VEREDA PUEBLO NUEVO KM 31 ;3155304073;146;41031;387
388;900027830;22790;No Registra;ACUACAMPO: ISUGU EL SILENCIO PUERTO QUINTERO, CANDELARIA, PUEBLO NUEVO, EL RINCON, SIMON BOLIVAR Y REMOLINO;ASOCIACION DE SUSCRIPTORES DEL ACUEDUCTO RURAL COMUNITARIO ACUACAMPO;CORREGIMIENTO EL SILENCIO;3147913019;895;58643;388
389;900028200;;38184;ASOCIACION ACUEDUCTO RURAL COMUNITARIO SENDO - TIGRE - AACTISE;ACUDUCTO SENDO - EL TIGRE AACTISE;VEREDA SENDO TIGRE - CORREGIMIENTO EL QUEREMAL;3225700343;3956;38184;389
390;900033394;No Registra;117137;ASOCIACION DE USUARIOS ACUEDUCTO PUERTA DAGUA RIO DAGUA E.S.P EN LIQUIDACION;;VEREDA PUERTA DAGUA;3117480171;1400;117137;390
391;900036709;;No Registra;JUNTA ADMINISTRADORA DE ACUEDUCTO Y ALCANTARILLADO DE SAN MARCOS;;CALLE 16 NO. 81 BN 09 SAN MARCOS;3128826177;;;391
392;900039451;No Registra;103473;ASOCIACION DE USUARIOS DEL SERVICIO DE AGUA DEL ACUEDUCTO AGUA LINDA;AGUA LINDA ALTO;VEREDA AGUA LINDA ALTA;3155772654;3400;103473;392
393;900045891;No Registra;35015;ASOCIACION DE USUARIOS DEL SERVICIO DE AGUA POTABLE Y ALCANTARILLADO DEL ACUEDUCTO SAN VICENTE KM. 95 - SAN VICENTE;ACUEDUCTO CAMELIAS KM 95;VEREDA LAS CAMELIAS KM 95 SECTOR CENTELLA;3116189776;2900;35015;393
394;900045891;;35015;ASOCIACION DE USUARIOS DEL SERVICIO DE AGUA POTABLE Y ALCANTARILLADO DEL ACUEDUCTO SAN VICENTE KM. 95 - LAS CAMELIAS;ACUEDUCTO CAMELIAS KM 95;VEREDA LAS CAMELIAS KM 95 SECTOR CENTELLA;3116189776;2900;35015;394
395;900050544;No Registra;122665;ASOCIACION DE USUARIOS DEL ACUEDUCTO VEREDAL LA LOMITA BAJO GAVIOTA EN LIQUIDACION - AVELOGA -;ASOCIACION DE USUARIOS DEL ACUEDUCTO VEREDAL LA LOMITA BAJO GAVIOTA;VEREDA LA GAVIOTA BAJO;3154585226;934;122665;395
396;900053873;23267;No Registra;ASOCIACION COMUNITARIA ADMINISTRADORA DEL ACUEDUCTO DE PAVAS-MUNICIPIO DE LA CUMBRE-VALLE DEL CAUCA - ACAAPAVAS;ACAAPAVAS;CALLE 4 # 7 - 36 PAVAS;3146543688;107;31840;396
397;900054411;;;ACUEDUCTOS DEL SUR S.A. E.S.P.;;VIA PANAMERICANA CALI - JAMUNDI HACIENDA EL CASTILLO ;5599110;;;397
398;900055408;24741;No Registra;ASOCIACION DE USUARIOS DEL ACUEDUCTO LA CRISTALINA;ACUEDUCTO LA CRISTALINA;VEREDA LA CRISTALINA;3136295508;1029;80692;398
399;900058085;21786;No Registra;ASOCIACION COMUNITARIA ADMINISTRADORA DEL ACUEDUCTO DE QUEBRADA GRANDE;ACUEDUCTO QUEBRADA GRANDE LA UNION ;CORREGIMIENTO DE QUEBRADA GRANDE ;3145694862;3178;88295;399
400;900058112;No Registra;59611;ASOCIACIÓN COMUNITARIA ADMINISTRADORA DEL ACUEDUCTO DE LA VEREDA LA FLORIDA MUNICIPIO DE CALIMA EL DARIEN;ACUEDUCTO RURAL FLORIDA BAJA - ACUAFLORIDA;LA FLORIDA;3166897185;3295;134070;400
401;900059308;;86226;ASOCIACION DE USUARIOS DEL ACUEDUCTO DE LA LIBERTAD CATARINA;ASOCIACION DE USUARIOS DEL ACUEDUCTO DE LA LIBERTAD CATARINA ;VEREDA LA LIBERTAD ;3155362453;3683;86226;401
402;900060000;No Registra;113536;ASOCIACION DE USUARIOS DEL ACUEDUCTO EL DIAMANTE - ACUADIAMANTE;;VEREDA LA ZULIA;3122890962;;;402
403;900060766;No Registra;33511;ASOCIACION DE USUARIOS DEL ACUEDUCTO DE SANTA MARIA PARTE BAJA - ASUASBA;ASUASBA;CORREGIMIENTO SANTA MARIA PARTE BAJA;312748575;345;33511;403
404;900062404;No Registra;88316;ASOCIACION COMUNITARIA ADMINISTRADORA DEL ACUEDUCTO ACUASALUD EL BALSAL                                                          ;ASOCIACION COMUNITARIA DEL ACUEDUCTO ACUASALUD CORREGIMIENTO EL BALSAL;CORREGIMIENTO EL BALSAL;3137500589;1952;88316;404
405;900064924;24652;No Registra;JUNTA ADMINISTRADORA DEL ACUEDUCTO LA BALSORA;JUNTA ADMINISTRADORA DEL ACUEDUCTO LA BALSORA;VEREDA LA BALSORA ;3145660389;1282;15506;405
406;900067881;No Registra;60384;AGUA SALUD VENECIA;AGUASALUD VENECIA;VENECIA;3122904379;397;60384;406
407;900069844;No Registra;59612;ASOCIACION COMUNITARIA ADMINISTRADORA DEL ACUEDUCTO DE LA VEREDA DE EL MIRADOR MUNICIPIO DE CALIMA EL DARIEN - A.C.A.A.M.;ASOCIACION COMUNITARIA ADMINISTRADORA DEL ACUEDUCTO DE LA VEREDA DE EL MIRADOR;VEREDA EL MIRADOR;3285685859;4067;59612;407
408;900075217;No Registra;86924;ASOCIACION DE USUARIOS DEL ACUEDUCTO EL VERGEL ;ACUAVERGEL;VEREDA BUENOS AIRES ;3136733188;9345;86924;408
409;900075290;No Registra;59637;ASOCIACION DE USUARIOS ACUASALUD VALLEJUELO;ACUEDUCTO ACUASALUD VALLEJUELO  ;CORREGIMIENTO VALLEJUELO - PLAZA PRINCIPAL;3164804634;159;59637;409
410;900080020;No Registra;; ASOCIACION PROVIVIENDA BRISAS DE MULALO;;BRISAS DE MULALO;3136676834;;;410
411;900083509;456;No Registra;ASOCIACIÓN DE USUARIOS DEL ACUEDUCTO COMUNITARIO DE LA VEREDA HATO VIEJO DEL MUNICIPIO DE TRUJILLO VALLE DEL CAUCA;ASOCIACION DE USUARIOS DEL ACUEDUCTO COMUNITARIO HATO VIEJO;HATO VIEJO;3175128085;5627;64460;411
412;900087740;;;ASOCIACION DEL ACUEDUCTO Y ALCANTARILLADO DEL CORRREGIMIENTO LA IBERIA - PARDO MUNICIPIO DE TULUA;;CORREGIMIENTO LA IBERIA;3168281057;;;412
413;900104953;;34631;ASOCIACION DE USUARIOS DE ACUEDUCTO VEREDA LAS DELICIAS - ASAD ESP - PARTE ALTA;;VEREDA LAS DELICIAS PARTE BAJA - CORREGIMIENTO VILLA HERMOSA;3148305614;2870;34631;413
414;900104953;No Registra;34631;ASOCIACION DE USUARIOS DE ACUEDUCTO VEREDA LAS DELICIAS - ASAD ESP - PARTE BAJA;;VEREDA LAS DELICIAS PARTE BAJA - CORREGIMIENTO VILLA HERMOSA;3148305614;2870;34631;414
415;900108764;25421;No Registra;ASOCIACION DE USUARIOS AGUA ALBANIA ESP - CARAMY ESP;ASOCIACIÓN DE USUARIOS AGUA ALBANIA E.S.P CARAMY;VEREDA MIRAVALLE;3175295943;3272;59633;415
416;900111128;22901;No Registra;ASOCIACION COMUNITARIA ADMINISTRADORA ACUEDUCTO BITACO - ASCABI;ASCABI;CORREGIMIENTO DE BITACO PLAZA PRINCIPAL;3195599703;1375;33129;416
417;900112524;No Registra;;ASOCIACION DE USUARIOS ACUEDUCTO BUENOS AIRES PARTE ALTA NUEVA VIDA E.S.P;ACUEDUCTO BARRIO BUENOS AIRES;BARRIO BUENOS AIRES CL. 11 N° 14-27;3002299036;14560;0;417
418;900121132;No Registra;;LA SAMARIA;;SAN PABLO;3104998541;;;418
419;900124914;;109610;JUNTA ADMINISTRADORA DE ACUEDUCTO PEÑAS RUCIAS VEREDA EL JORDANCITO, SAN BERNARDO. DAGUA - VALLE;;VEREDA JORDANCITO - CORREGIMIENTO DE SAN BERNARDO ;3105929874;3419;109610;419
420;900125772;25424;No Registra;ASOCIACION DE SUSCRIPTORES DEL ACUEDUCTO DE SAN JUAN ESP - ARLAS. ESP. -;"ACUEDUCTO RURAL ALBANIA-SAN JUAN ""ARLAS""";VEREDA SAN JUAN;3185568894;3273;60294;420
421;900134176;No Registra;103469;ASOCIACION DE USUARIOS DEL ACUEDUCTO DE BARRAGAN BAJO - ASODEABA;ACUEDUCTO ASODEABA;BARRAGÁN BAJO;3137053917;163;103469;421
422;900140991;No Registra;76111;AGUAMAR;;VEREDA LA MARIA;3185263310;;;422
423;900145262;No Registra;58640;ASOCIACION DE USUARIOS DEL SISTEMA DE SUMINISTRO DE AGUA RURAL COMUNITARIA DE LA VEREDA CALIMITA DEL MUNICIPIO DE RESTREPO;CALIMITA;VEREDA CALIMITA;3136680216;503;58640;423
424;900155097;21783;No Registra;COOPERATIVA ADMINISTRADORA DE SERVICIOS PUBLICOS DE VERSALLES CAMINO VERDE;COOPERATIVA CAMINO VERDE APC;CRA 7 # 9-28;2213058;52;86252;424
425;900159932;22189;No Registra;ASOCIACIÓN DE USUARIOS DE ACUEDUCTO EL PALMARCITO DE LA VEREDA LA VIRGEN;;VEREDA LA VIRGEN - EL PALMARCITO;3156922315;;;425
426;900161510;No Registra;;PARCELACION LAS MAÑANITAS PROPIEDAD HORIZONTAL;;CALLE 10 NO 27-500 ARROYOHONDO-YUMBO;;;;426
427;900161688;No Registra;61920;ASOCIACIÓN DE USUARIOS DEL ACUEDUCTO RURAL LA REFORMA LA AGUADA BOLIVAR;ACUEDUCTO LA REFORMA VEREDA LA AGUADA;ROLDANILLO;3166518942;1125;61920;427
428;900166536;No Registra;;EMPRESA COMUNITARIA ASOCIACION DE USUARIOS DEL PARAISO ASUAPAR .;;CALLE EL PARAISO TIENDA AQUI ES JAVIER;3217277148;;;428
429;900167463;No Registra;58631;ASOCIACION DE USUARIOS DEL SERVICIO DE AGUA POTABLE Y ALCANTARILLADO DE PRIMAVERA ;ASOCIACION DE USUARIOS DEL SERVICIO DE AGUA POTABLE Y ALCANTARILLADO DE PRIMAVERA;CORREGIMIENTO PRIMAVERA;3166722839;258;58631;429
430;900168927;;115780;ASOCIACION DE USUARIOS DEL ACUEDUCTO VEREDA LA AGUADA- BAJA;ACUEDUCTO LA AGUADA BAJA;VEREDA LA AGUADA- BAJA;3113215005;2898;115780;430
431;900173524;No Registra;35014;EMPRESA COMUNITARIA ACUEDUCTO RURAL EL PALMAR - ECOAREPAL - LA VIBORA;ECOAREPAL LA VIBORA;CORREGIMIENTO EL PALMAR - DAGUA;3173110277;147;35014;431
432;900173524;;113450;EMPRESA COMUNITARIA ACUEDUCTO RURAL EL PALMAR - ECOAREPAL - LA VIRGEN;ECOAREPAL LA VIBORA;RESTAURANTE AREPA PAISA-CORREGIMIENTO EL PALMAR ;3108267892;147;35014;432
433;900174391;No Registra;113719;CORPORACION PARA EL DESARROLLO SOCIALAMBIENTAL TURISTICO CULTURAL ECONOMICO Y AGROPECUARIO DE SAN ISIDRO - CORPOSANISIDRO;;VEREDA SANISIDRO;3172179445;;;433
434;900176231;No Registra;58644;ASOCIACION DE USUARIOS DEL ACUEDUCTO MONTERREDONDO ESP - ASUAMONT ESP -;ASOCIACION DE USUARIOS DEL ACUEDUCTO MONTERREDONDO ESP;VEREDA MONTERREDONDO;3194611521;1124;58644;434
435;900182536;23132;No Registra;ASOCIACION DE USUARIOS ACUEDUCTO NARANJAL;ASOCIACION DE USUARIOS ACUEDCUTO DE NARANJAL;CORREGIMIENTO NARANJAL;3147067398;2168;113587;435
436;900182917;No Registra;34208;ASOCIACION DE USUARIOS DE ACUEDUCTO DE LA VEREDA TOCOTA - ASOTOCOTA;PTAP TOCOTA;VEREDA TOCOTÁ-CORREGIMIENTO SAN BERNARDO;3166336533;2849;34208;436
437;900184877;No Registra;;EMPRESA COMUNITARIA ASOCIACION DE USUARIOS LAS VEGAS;;RAPITIENDA RIO DAPA SECTOR LAS VEGAS CORREGIMIENTO DAPA;3123897252;;;437
438;900186803;;86901;ASOCIACION DE USUARIOS DEL ACUEDUCTO EL CHUZO SALEM LIMONES MUNICIPIO DE OBANDO;ASOCIACION DE USUARIOS DEL ACUEDUCTO EL CHUZO-SALEM-LIMONES-ARC; VEREDA EL CHUZO ;3113152862;2629;86901;438
439;900188705;;40368;ASOCIACION DE USUARIOS DEL ACUEDUCTO DE SANTA FE DEL MUNICIPIO DE LA CUMBRE DEPARTAMENTO DEL VALLE DEL CAUCA;ACUEDUCTO VEREDA SANTA FE;VEREDA SANTA FE - CORREGIMIENTO BITACO;3146765645;1378;40368;439
440;900204056;;95490;ASOCIACION ACUEDUCTO SUCRE;ACUEDUCTO DE SUCRE;VEREDA SUCRE;3136705370;304;95490;440
441;900207341;;60383;ASOCIACION COMUNITARIA ADMINISTRADORA DEL ACUEDUCTO LA VEREDA LA SOLEDAD;ASOCIACION  COMUNITARIA ADMINISTRADORA ACUEDUCTO LA SOLEDAD;LA VEREDA LA SOLEDAD;3108370611;3171;60383;441
442;900209375;No Registra;121437;ASOCIACION COMUNITARIA ADMINISTRADORA DEL ACUEDUCTO LA FONTANA DEL CORREGIMIENTO DE JIGUALES DEL MUNICIPIO DE YOTOCO (ACAFOMY);ASOCIACION ADMINSITRADORA DEL ACUEDUCTO LA FONTANA-ACOFOMI;VEREDA CALIMITA;3002084632;312;121437;442
443;900216215;;44630;ASOCIACION DE USUARIOS ACUEDUCTO LOBOGUERRERO;ACUEDUCTO LOBOGUERRERO ;CORREGIMIENTO LOBOGUERRERO;3116313524;4057;44630;443
444;900218752;No Registra;117087;LA ASOCIACION DE USUARIOS DEL ACUEDUCTO AGUAS DE DIOS VEREDA EL AGRADO PARTE ALTA DEL MUNICIPIO DE RESTREPO DEPARTAMENTO DEL VALLE DEL CAUCA;ASOCIACION USUARIOS DEL ACUEDUCTO AGUA DE DIOS;VEREDA EL AGRADO;3104665822;3034;107789;444
445;900220312;No Registra;65695;ASOCIACION DE USUARIOS DEL ACUEDUCTO DE LAS VEREDAS LA MARINA EL CHOCHO Y EL REMOLINO MACHORE ASU;ASOCIACION DE USUARIOS DEL ACUEDUCTO DE LAS VEREDAS LA MARINA, EL CHOCHO, EL REMOLINO                                              ;VEREDA EL REMOLINO;3177919637;17694;65695;445
446;900225766;24815;No Registra;ASOCIACION DE USUARIOS DEL SERVICIO COMUNITARIO RURAL DE AGUA Y ALCANTARILLADO LA MONTAÑUELA MUNICIPIO DE BOLIVAR - AUSCRAALMA;ASOCIACION DE USUARIOS DEL SERVICIO COMUNITARIO DE LA MONTAÑUELA - AUSCRAALMA;VEREDA MONTAÑUELA;3172346797;2169;58630;446
447;900231772;No Registra;128809;ASOCIACION DE USUARIOS DEL ACUEDUCTO DE LA VEREDA CASCAJAL - ACUACOLORADAS;ASOCIACION DE USUARIOS DEL ACUEDUCTO DE LA VEREDA CASCAJAL - ACUACOLORADAS;VEREDA CASCAJAL;3175335256;4768;128809;447
448;900234983;No Registra;;EMPRESA COMUNITARIA ASOCIACION DE USUARIOS LA CAROLINA;;DAPA VIVERO DE LUIS PAZ ATRAS DE LA I. EDUCATIVA ROSA ZARATE;3117107145;;;448
449;900236636;No Registra;;ACUARINCON BOCATOMA 4.;;KILOMETRO 9 VÍA A DAPA - CORDAPA;;;;449
450;900246601;No Registra;61928;ASOCIACIÓN DE USUARIOS DEL ACUEDUCTO DE LA VEREDA DE CALABAZAS;ASOCIACION DE USUARIOS DEL ACUEDUCTO DE LA VEREDA DE CALABAZAS                                                                                  ;CALABAZAS;3207528988;181;61928;450
451;900250093;No Registra;59607;ASOCIACION COMUNITARIA ADMINISTRADORA DEL ACUEDUCTO DE LA VEREDA SANTA ELENA MUNICIPIO DE CALIMA EL DARIEN;ASOCIACION COMUNITARIA DEL ACUEDUCTO DE LA VEREDA SANTA ELENA MUNICIPIO DE CALIMA                                                                               ;VEREDA SANTA ELENA;3177138674;185;59607;451
452;900266478;;33509;ASOCIACION DE USUARIOS DEL SERVICIO DE AGUA POTABLE Y ALCANTARILLADO DE TENERIFE - ASOUAT;;CORREGIMIENTO TENERIFE;3156190842;1397;33509;452
453;900276097;24850;No Registra;JUNTA DEL ACUEDUCTO DE LAS VEREDAS ARBOLEDAS Y CORDOBITAS DEL MUNICIPIO DE LA CUMBRE - JUARCO.;JUNTA DEL ACUEDUCTO  DE LAS VEREDAS ARBOLEDAS Y CORDOBITAS - JUARCO;ANTIGUA OFICINA DE TELECOM ARBOLEDAS;3103794505;105;31839;453
454;900281716;No Registra;;ASOCIACION DE AGUAS LOS ROBLES;;CASA DE WILLIAM OSPINA PEREZ CORREGIMIENTO DAPA SECTOR LA SONORA;3148029444;;;454
455;900285735;23023;No Registra;ASOCIACION DE SUSCRIPTORES DEL ACUEDUCTO VEREDAL UNIDO DEL CORREGIMIENTO DE JIGUALES, MUNICIPIO DE LA CUMBRE - ASOJIGUA;ASOCIACION DE SUSCRIPTORES DEL ACUEDUCTO VEREDAL UNIDO DEL CTO JUGUALES - ASOJIGUA;JIGUALES SECTOR LAS VERANERAS - AREA RURAL SIN NOMENCLATURA;3127877711;3957;37556;455
456;900304467;;91664;ASOCIACION DE USUARIOS DEL ACUEDUCTO DE LA CEDALIA;ASOCIACIÓN DE USUARIOS DEL ACUEDUCTO DE LA CEDALIA;VEREDA LA CEDALIA;3147677359;901;91664;456
457;900310495;;46017;ASOCIACION COMUNITARIA DE ACUEDUCTO DE CHIPRE, ASOCHIPRE;ASOCHIPRE;CHIPRE - KILÓMETRO 27 ANTIGUA VÍA AL MAR;3216755489;2897;46017;457
458;900315518;;34212;ASOCIACION DE USUARIOS, ACUEDUCTO SAN JOSE DEL SALADO - ACUASALADO;ACUASALADO;SAN JOSE DEL SALADO PARTE BAJA;3166924347;3428;34212;458
459;900319384;No Registra;76111;ACUEDUCTO COLECTIVO CRISTALINA-MIRAFLORES-LA UNION -MIRAVALLE- ROSARIO DE FATIMA;;VEREDA MIRAVALLE;;;;459
460;900320703;25219;No Registra;ASOCIACION DE USUARIOS DEL ACUEDUCTO DE QUEBRADANUEVA;ASOCIACION DE USUARIOS DEL ACUEDUCTO QUEBRADA NUEVA - ACUANUEVA;CORREGIMIENTO QUEBRADANUEVA;3117475862;195;59638;460
461;900328708;24646;No Registra;ASOCIACION ADMINISTRADORA DEL ACUEDUCTO RURAL COMUNITARIO DEL CORREGIMIENTO DE LA FLORIDA;ASOCIACION ADMINISTRADORA DEL ACUEDUCTO RURAL COMUNITARIO DEL CORREGIMIENTO LA FLORIDA;CORREGIMIENTO DE LA FLORIDA-MURRAPAL-EL SILENCIO;3108362037;1953;88305;461
462;900330532;;38166;ASOCIACION EMPRESA COMUNITARIA ACUASALUD ALTO DE LAS TORTOLAS;;VEREDA ALTO DE LAS TORTOLAS                 ;3163018539;3418;38166;462
463;900332662;24814;No Registra;ASOCIACIÓN DE USUARIOS DEL ACUEDUCTO RURAL COMUNITARIO DE LA VEREDA LA PLAZUELA;;VEREDA LA PLAZUELA;3152338255;;;463
464;900342940;25275;No Registra;ASOCIACIÓN DE USUARIOS DEL ACUEDUCTO RURAL DE LAS VEREDAS EL BOSQUE LA ALDANA;ASOCIACION DE USUARIOS DEL ACUEDUCTO RURAL DE LAS VEREDAS EL BOSQUE LA ALDANA;VEREDA LA ALDANA;3157914269;1118;65809;464
465;900343953;;45410;ASOCIACION DE USUARIOS, ACUEDUCTO SAN JOSE DEL SALADO PARTE ALTA - ASUSAL;ACUEDUCTO ASUSAL;SAN JOSE DEL SALADO - PARTE ALTA                      ;3147810510;3954;45410;465
466;900345127;No Registra;113603;ASOCIACION DE USUARIOS DE ACUEDUCTO RURAL COMUNITARIO LA FLORESTA VEREDA LA LUISA MUNICIPIO DE TRUJILLO VALLE DEL CAUCA;LA LUISA;VEREDA LA LUISA;3117711911;229;113603;466
467;900346043;No Registra;62251;ASOCIACION DEL SERVICIO COMUNITARIO RURAL DEL AGUA DE LA VEREDA PUNTA LARGA MUNICIPIO DE BOLIVAR VALLE DEL CAUCA - AUSCRAP -;"ASOCIACION DEL SERVICIO COMUNITARIO RURAL VEREDA PUNTA LARGA - ACUASALUD ""PUNTA LARGA""";VEREDA PUNTA LARGA;3172784788;235;62251;467
468;900349855;;101955;ASOCIACION DE SUSCRIPTORES DEL ACUEDUCTO REGIONAL RURAL COMUNITARIO DE SANTA ROSA DE TAPIAS MUNICIPIO DE GUACARI VALLE DEL CAUCA - ACUATAPIAS;ACUATAPIAS;CORREGIMIENTO SANTA ROSA DE TAPIAS;3177250751;3039;101955;468
469;900350210;24589;No Registra;ASOCIACION DE USUARIOS DEL ACUEDUCTO SANTA RITA VILLANUEVA;ACUEDUCTO RURAL VILLANUEVA;CORREGUIMIENRTO VILLANUEVA;3147071531;3500;86214;469
470;900352844;23376;No Registra;ASOCIACION DE USUARIOS DEL SERVICIO DE AGUA POTABLE Y ALCANTARILLADO DE LAS CAMELIAS Y EMPRESA COMUNITARIA DE SERVICIOS;PTAP LAS CAMELIAS;VEREDA LAS CAMELIAS - CORREGIMIENTO EL QUEREMAL;310520928;3955;38277;470
471;900357581;;;AGUARIVERAS DE YUMBO SAS ESP;;CALLE 20 OESTE # 4N-35;6693549;;;471
472;900362663;;29758;JUNTA ADMINISTRADORA COMUNITARIA DEL ACUEDUCTO # 12 DEL CORREGIMIENTO LA FRESNEDA MUNICIPIO DE VIJES;JACA # 12;CORREGIMIENTO LA FRESNEDA;3137900792;144;29758;472
473;900365168;;34630;ASOCIACION DE USUARIOS DEL ACUEDUCTO RURAL VILLAHERMOSA - ACUEHERMOSA;ACUEHERMOSA;CORREGIMIENTO VILLAHERMOSA;3226753077;341;34630;473
474;900368753;No Registra;62253;ASOCIACION COMUNITARIA ADMINISTRADORA DEL ACUEDUCTO LA VIRGINIA PUENTE TIERRA;ASOCIACION COMUNITARIA ADMINISTRADORA ACUEDUCTO PUENTETIERRA LA VIRGINIA;PUENTE TIERRA - LA VIRGINIA;3136953509;3554;62253;474
475;900368980;24819;No Registra;ASOCIACIÓN DE USUARIOS DEL CORREGIMIENTO DE COROZAL - AGUA - VITAL COROZAL;"ASOCIACION DE USUARIOS DEL CORREGIMIENTO DE COROZAL - ""AGUA-VITAL COROZAL""";COROZAL;3105965385;264;59785;475
476;900375691;No Registra;34214;ASOCIACION COMUNITARIA ADMINISTRADORA DEL ACUEDUCTO DE SAN MIGUEL - ACUAMIGUEL;PTAP ACUAMIGUEL;VEREDA SAN MIGUEL - CORREGIMIENTO SAN BERNARDO;3128624281;2832;34214;476
477;900376426;;32188;ASOCIACION DE USUARIOS ANTIGUO ACUEDUCTO BITACO - SUANABIT;SUANABIT;CORREGIMIENTO BITACO;3136164845;1372;32188;477
478;900379155;No Registra;58642;ASOCIACION DE USUARIOS DEL ACUEDUCTO DE LA VEREDA DE GUAYABAL - ACUAGUAYABAL;ACUEDUCTO ACUAGUAYABAL;VEREDA GUAYABAL;3187095391;7591;58642;478
479;900382452;No Registra;58793;ASOCIACION COMUNITARIA ADMINISTRADORA DEL ACUEDUCTO RURAL LA MARÍA LA ESTRELLA;ASOCIACION COMUNITARIA ADMINISTRADORA DEL ACUEDUCTO RURAL LA MARIA LA ESTRELLA;VEREDA LA MARÍA LA ESTRELLA;3127285934;543;58793;479
480;900384463;;80062;ASOCIACION COMUNITARIA ADMINISTRADORA DEL ACUEDUCTO DE LA VEREDA DE LLANOGRANDE;ACUEDUCTO LLANO GRANDE;VEREDA LLANO GRANDE;3103611077;2199;80062;480
481;900387315;No Registra;124820;ASOCIACIÓN DE USUARIOS DEL ACUEDUCTO RURAL COMUNITARIO DE LAS VEREDAS CHICORAL Y EL PORVENIR - ASUACHIJAPOR -;ASOCIACION DE USUARIOS DEL ACUEDUCTO RURAL COMUNITARIO DE LAS VEREDAS CHICORAL Y EL PORVENIR - ASUACHIJAPOR;VEREDA EL PORVENIR;3117756872;1426;124804;481
482;900387621;;88298; ASOCIACION JUNTA ADMINISTRADORA DEL ACUEDUCTO RURAL DE MIRAVALLES;ASOCIACION JUNTA ADMINISTRADORA DEL ACUEDUCTO RURAL DE MIRAVALLES-ACUAMIR; CORREGIMIENTO  MIRAVALLES;3177281419;2873;88298;482
483;900389331;24813;No Registra;ASOCIACIÓN DE USUARIOS DEL ACUEDUCTO DE LAS VEREDAS LA CRISTALINA Y PURNIO;ASOCIACION DE USUARIOS DEL ACUEDUCTO DE LAS VEREDAS LA CRISTALINA Y PURNIO - AGUA PORVENIR PURNIO;VEREDA EL PURNIO;3158554014;3284;65145;483
484;900396296;;31578;ASOCIACION COMUNITARIA ADMINISTRADORA DEL ACUEDUCTO DEL CORREGIMIENTO DE LOMITAS MUNICIPIO DE PRADERA;PTAP LOMITAS;CORREGIMIENTO LOMITAS;3163056560;123;31578;484
485;900399048;25664;No Registra;ASOCIACION DE USUARIOS DEL ACUEDUCTO COLECTIVO (COSTA);ASOCIACION DE USUARIOS DEL ACUDUCTO COLECTIVO-COSTA-QUEBRADA-CHORRITOS-SUPERFICIAL;VEREDA EL COFRE;3224480731;2613;81607;485
486;900420387;No Registra;76111;ACUAUNION;;VEREDA LA UNION ;3163677216;;;486
487;900420425;No Registra;;ACUAPEON;;VEREDA EL PEON;3163112732;;;487
488;900422593;;86910;ASOCIACION DE USUARIOS DEL ACUEDUCTO RURAL COMUNITARIO DE LA VEREDA MARCOPOLIS;ASOCIACION DE USUARIOS DEL ACUEDUCTO RURAL COMUNITARIO DE LA VEREDA MARCOPOLIS.;VEREDA MARCOPOLIS;3166256910;1902;86910;488
489;900424254;;115056;ASOCIACION COMUNITARIA ADMINISTRADORA DEL ACUEDUCTO DE LA VEREDA EL PLACER MUNICIPIO DE GUACARI - ACOPLA;ACOPLA;CORREGIMIENTO EL PLACER-CASA ALFREDO QUIROZ;3147542727;1393;115056;489
490;900428160;;No Registra;ASOCIACION COMUNITARIA ADMINISTRADORA DEL ACUEDUCTO DE LA VEREDA EL DIAMANTE MUNICIPIO DE CALIMA EL DARIEN - ACUADIAMANTE;ACUADIAMANTE;VEREDA EL DIAMANTE;3184202006;930;59610;490
491;900429002;No Registra;76111;ACUEDUCTO COMUNITARIO PUEBLO NUEVO - ACAVIDA;;VEREDA PUEBLO NUEVO ;3128961858;;;491
492;900430801;No Registra;76111;ACUEDUCTO VEREDA GUADUALEJO ;;VEREDA GUADUALEJO;3105247726;;;492
493;900437462;No Registra;113393;ASOCIACIÓN DE USUARIOS DEL ACUEDUCTO RURAL COMUNITARIO DE LA VEREDA LOS RANCHOS - A.R.C;ASOCIACION DE USUARIOS DEL ACUEDUCTO RURAL LOS RANCHOS;VEREDA LOS RANCHOS;3107270415;400;113393;493
494;900440594;No Registra;111599;ASOCIACION DE USUARIOS DEL ACUEDUCTO DE LA VEREDA DE CENTELLA CORREGIMIENTO DE VILLAHERMOSA MUNICIPIO DE DAGUA;VEREDA CENTELLA CORREGIMIENTO VILLAHERMOSA;VEREDA CENTELLA PARTE BAJA;3103647090;2865;111599;494
495;900442966;No Registra;115587;ASOCIACIÓN DE USUARIOS DEL ACUEDUCTO DE LA VEREDA ALTO DEL RECREO - AGUA RECREO -;ASOCIACION DE USUARIOS DEL ACUEDUCTO DE LA VEREDA ALTO DEL RECREO;VEREDA ALTO RECREO;3104721523;3282;115587;495
496;900453176;No Registra;58645;ACUEDUCTO RURAL AGUA VIVA VEREDA BUENOS AIRES;ASOCIACION DE USUARIOS DEL ACUEDUCTO DE LA VEREDA BUENOS AIRES -VALLEJUELO ;VEREDA BUENOS AIRES;3128063617;14773;58645;496
497;900466253;No Registra;12561;ASOCIACIÓN DE USUARIOS DEL ACUEDUCTO RURAL COMUNITARIO DEL CORREGIMIENTO ALBAN;ASOCIACION DE USUARIOS GESTORA DEL AGUA DEL ACUEDUCTO RURAL COMUNITARIO DEL CORREGIMIENTO DE ALBAN;CORREGIMIENTO ALBAN SAN JOSE;3117502170;2215;86229;497
498;900468150;;81231;ASOCIACION DE USUARIOS DEL ACUEDUCTO RURAL COMUNITARIO DEL CORREGIMIENTO DE MARACAIBO;ASOCIACION DE USUARIOS DEL ACUEDUCTO RURAL COMUNITARIO DEL CORREGIMIENTO DE MARACAIBO;CLL 11 #05-74 PISO 2 CARTAGO- VALLE;3136873262;1016;81231;498
499;900473339;No Registra;86231;ASOCIACIÓN DE USUARIOS DEL ACUEDUCTO AGUAS, AGUA Y VIDA  YUCATAN Y LIMONES            ;ASOCIACION DE USUARIOS DEL ACUEDUCTO RURAL DE LAS VEREDAS YUCATAN - LIMONES-AGUAS-AGUA Y VIDA;VEREDAS YUCATÁN LIMONES;3148275892;9361;86231;499
500;900478538;24760;No Registra;ASOCIACION DE USUARIOS DEL ACUEDUCTO RURAL COMUNITARIO DE LA VEREDA BUENOS AIRES;ACUEDUCTO BUENOS AIRES; VEREDA BUENOS AIRES;3155931540;1911;14639;500
501;900491764;;60379;ASOCIACION DE USUARIOS DEL ACUEDUCTO RURAL COMUNITARIO DE LA VEREDA EL RETIRO;ASOCIACIÓN DE USUARIOS DEL ACUEDUCTO RURAL COMUNITARIO VEREDA EL RETIRO;VEREDA EL RETIRO;3192895842;3168;60379;501
502;900492159;No Registra;120698;FUNDACION ECOLOGICA DE CHICORAL - FUNDECORAL;FUNDACIÓN ECOLÓGICA DE CHICORAL - FUNDECORAL;VEREDA CHICORAL PARTE BAJA;3105189174;3666;120698;502
503;900509816;;42879;ASOCIACION DE SUSCRIPTORES DEL ACUEDUCTO DE LA VEREDA DE ZARAGOZA, CORREGIMIENTO DE BITACO, MUNICIPIO DE LA CUMBRE;AGUAZ;VEREDA ZARAGOZA;3024652896;10121;42879;503
504;900512346;No Registra;113601;ASOCIACION DE USUARIOS DEL ACUEDUCTO COLECTIVO RURAL DE LA VEREDA CHOCHO LA BOHEMIA - A.C.A.R.V.C.B.;VEREDA CHOCHO LA BOHEMIA;VEREDA CHOCHO LA BOHEMIA;3193155866;230;113601;504
505;900513591;No Registra;33542;ASOCIACION COMUNITARIA ADMINISTRADORA DEL ACUEDUCTO DE LA LOCALIDAD DE SANTA MARIA MUNICIPIO DE DAGUA - ACOACEDRO;ACOACEDRO; SANTA MARIA PARTE ALTA;3148305614;346;33542;505
506;900514623;No Registra;91656;ASOCIACION DE USUARIOS DEL ACUEDUCTO RURAL COMUNITARIO DE LAS VEREDAS LA MIRANDA Y LA GUARDIA MUNICIPIO DE EL CAIRO;ASOCIACION DE USUARIOS DEL ACUEDUCTO RURAL COMUNITARIO DE LAS VEREDAS LA MIRANDA Y LA GUARDIA ;VEREDA LA MIRANDA;3207580304;978;91656;506
507;900517918;No Registra;;PARCELACION SICILIA;;KILOMETRO 9 DE LA VIA A DAPA;3006112398;;;507
508;900529737;No Registra;114382;ASOCIACION DE USUARIOS DEL ACUEDUCTO RURAL COMUNITARIO VEREDA LA ESPERANZA AGUAS DEL DANUBIO                             ;ASOCIACION DE USUARIOS DEL ACUEDUCTO RURAL COMUNITARIO VEREDA LA ESPERANZA AGUAS DEL DANUBIO;VEREDA LA ESPERANZA;3117242831;3577;113482;508
509;900529791;;69051;ASOCIACION DE USUARIOS DEL ACUEDUCTO RURAL COMUNITARIO DE LA VEREDA EL CRUCERO;ACUEDUCTO EL CRUCERO;VEREDA EL CRUCERO;3117544748;3578;69051;509
510;900529814;No Registra;104339;ASOCIACIÓN DE USUARIOS DEL ACUEDUCTO RURAL COMUNITARIO DE LA VEREDA EL LULAR AGUAS LULAREÑAS;ASOCIACION DE USUARIOS DEL ACUDUCTO RURAL COMUNITARIO VEREDA EL LULAR;VEREDA EL LULAR;3117572211;1975;104339;510
511;900529824;;104340;ASOCIACION DE USUARIOS DEL ACUEDUCTO RURAL COMUNITARIO DE LA VEREDA EL GUADUAL AGUA BONITA;ASOCIACION DE USUARIOS DEL ACUEDUCTO RURAL COMUNITARIO DE LA VEREDA EL GUADUAL AGUA BONITA;VEREDA EL GUADUAL AGUA BONITA;3136640231;524;104340;511
512;900534703;No Registra;65515;ASOCIACION COMUNITARIA ADMINISTRADORA DEL ACUEDUCTO RURAL EL VERGEL;ASOCIACION COMUNITARIA ADMINISTRADORA ACUEDUCTO EL VERGEL    ;VEREDA EL VERGEL;3172123646;150;65515;512
513;900548001;No Registra;32191;ASOCIACION RURAL ACUEDUCTO VEREDA CENTELLA PARTE ALTA ;CENTELLA - PARTE ALTA;VEREDA CENTELLA PARTE ALTA;3165091453;2864;32191;513
514;900553833;No Registra;86230;ASOCIACION DE USUARIOS DEL ACUEDUCTO RURAL COMUNITARIO DE LAS VEREDAS LA ESTRELLA LUNA PARK ;ACUEDUCTO LA ESTRELLA;VEREDAS LA ESTRELLA ;3122473619;3569;86230;514
515;900555126;No Registra;120420;ASOCIACION DE USUARIOS DEL ACUEDUCTO DE CAMPO ALEGRE DE CEYLAN;ASOCIACION DE USUARIOS DEL ACUEDUCTO DE CAMPO ALEGRE DE CEYLAN ;VEREDA CAMPO ALEGRE;3178124096;13567;120420;515
516;900559711;;37559;LA ASOCIACION DE USUARIOS DEL ACUEDUCTO, ALCANTARILLADO Y/O ASEO DEL CRGT. EL POMO VEREDAS ROSARIO-BOLIVIA, EL CERRITO-VALLE;ACUAPORO;CORREGIMIENTO EL POMO - EL CERRITO ;3164297749;3041;37559;516
517;900565076;No Registra;110201;ASOCIACION DE USUARIOS DEL ACUEDUCTO RURAL COMUNITARIO DE LA VEREDA EL EDEN;ASOCIACION DE USUARIOS DEL ACUEDUCTORURAL VEREDA EL EDEN (ASOCOAGUAS)      ;VEREDA EL EDEN;3163727844;77;110201;517
518;900577346;;;COMPLEJO CARCELARIO Y PENITENCIARIO DE JAMUNDI - COJAM ;;KM 27 VIA BOCAS DEL PALO ;5190605;;;518
519;900588960;No Registra;58636;ASOCIACIÓN DE USUARIOS DEL ACUEDUCTO DE LA VEREDA LAS DELICIAS DE CAICEDONIA;ACUEDUCTO ASOCIACION DE USUARIOS LAS DELICIAS;VEREDA LAS DELICIAS;3003653807;168;58636;519
520;900608720;;88222;ASOCIACION DE USUARIOS DEL ACUEDUCTO RURAL COMUNITARIO DEL CORREGIMIENTO DE SAN ISIDRO;ACUEDUCTO SAN ISIDRO;CORREGIMIENTO DE SAN ISIDRO;3005048737;2625;88222;520
521;900618045;No Registra;;JUNTA DE ACUEDUCTO LA GUAIRA - JAG - EL RUBI ALTO;JUNTA DE ACUEDUCTO LA GUAIRA;VEREDA EL RUBI ALTO ;3162715475;13341;124646;521
522;900618045;No Registra;65514;JUNTA DE ACUEDUCTO LA GUAIRA - JAG;JUNTA DE ACUEDUCTO LA GUAIRA;CGTO LA GUAIRA;3162715475;13341;124646;522
523;900642732;;88287;ASOCIACION COMUNITARIA DE USUARIOS DEL ACUEDUCTO RURAL PAJARO DE ORO;PAJARO DE ORO;VEREDA PAJARO DE ORO;3182313496;3179;88287;523
524;900650390;No Registra;62257;ASOCIACION DE USUARIOS DEL ACUEDUCTO DE LAS VEREDAS EL FRONTINO LA QUIEBRA Y EL CRUCERO - ACUEDUCTO FRONTINO EL CRUCERO -;ASOCIACION DE USUARIOS ACUEDUCTO DE FRONTINO, QUIEBRA Y CRUCERO;VEREDA EL CRUCERO;3137482796;2151;62257;524
525;9006517528;26722;;AQUAOCCIDENTE S.A.E.S.P - URBANO;;CALLE 31 #29-14 OF 201;2688088;;;525
526;900659452;No Registra;58648;ASOCIACION DE USUARIOS DEL ACUEDUCTO Y ALCANTARILLADO DEL CORREGIMIENTO DE MEDIACANOA - ASOMEDIACANOA;;MEDIACANOA;3184430987;;;526
527;900664525;No Registra;121430;ASOCIACIÓN DE USUARIOS DEL SISTEMA DE SUMINISTRO DE AGUA RURAL COMUNITARIA DEL CORREGIMIENTO DE SAN SALVADOR Y LA VEREDA EL SILENCIO - ASSOCOSAN;ASOCIACION USUARIOS COMUNIDAD VDA SAN SALVADOR Y EL SILENCIO - SAN SALVADOR;SAN SALVADOR;3233381278;3301;104574;527
528;900672882;No Registra;59618;ASOCIACIÓN DE USUARIOS DEL ACUEDUCTO DEL CORREGIMIENTO DE ROBLEDO DEL MUNICIPIO DE TRUJILLO VALLE - ASUACOR;"ASOCIACION DE USUARIOS ACUEDUCTO DE ROBLEDO ""ASUACOR""                                                                                   ";ROBLEDO;3136028730;184;59618;528
529;900673820;;87876;ASOCIACION DE USUARIOS DEL ACUEDUCTO RURAL COMUNITARIO DE LA VEREDA EL RINCON;ASOCIACION DE USUARIOS DEL ACUEDUCTO RURAL COMUNITARIO DE LA VEREDA EL RINCON;CRA 13 # 82-3 CUIDADELA LA UNION;3113215005;2895;87876;529
530;900692917;No Registra;111989;ASOCIACION DE USUARIOS DEL ACUEDUCTO COMUNITARIO DEL CORREGIMIENTO LA MARINA;;CORREGIMIENTO LA MARINA;3012971061;;;530
531;900700681;;115850;ASOCIACION DE USUARIOS DEL SERVICIO DE ACUEDUCTO LA BALASTRERA;;VEREDA LOMA ALTA SECTOR LOS YURUMOS- BRISAS DE LOMA ALTA ;3116194335;2847;115850;531
532;900703269;No Registra;;JUNTA DE ACUEDUCTO DE LA VEREDA MEDIO DAPA;;FINCA PIVIJAY MEDIO DAPA;3157575000;;;532
533;900711515;No Registra;76111;ACUALASKA;;VEREDA LA ALASKA;3156830555;;;533
534;900720381;No Registra;58792;ASOCIACIÓN DE USUARIOS DEL ACUEDUCTO DE LA VEREDA EL VENADO;ASOCIACION DE USUARIOS DEL ACUEDUCTO DE LA VEREDA EL VENADO;VEREDA EL VENADO;3104407163;542;58792;534
535;900729492;;;ASOCIACION DE USUARIOS DEL ACUEDUCTO RURAL COMUNITARIO DE LA VEREDA COCONUCO;ACUEDUCTO RURAL COCONUCO RED 2;VEREDA COCONUCO;3128304049;1950;115292;535
536;900745352;No Registra;115563;ASOCIACION DE USUARIOS DEL ACUEDUCTO SAMARIA BOLIVIA FINCA EL PARAISO CAICEDONIA VALLE;;BOLIVIA ;;;;536
537;900769122;;46169;JUNTA ADMINISTRADORA COMUNITARIA DEL ACUEDUCTO N°.6 DE LA VEREDA ROMERITO;JACA # 6;CORREGIMIENTO OCACHE - VEREDA ROMERITO;3207788702;357;46169;537
538;900769376;;80781;ASOCIACION DE USUARIOS DEL ACUEDUCTO RURAL COMUNITARIO DEL CORREGIMIENTO LA MARIA;ACUEDUCTO LA AMRIA;CORREGIMIENTO LA MARIA;3155040540;915;80781;538
539;900779488;No Registra;104566;ACUEDUCTO RURAL LA GAVIOTA CALIMA EL DARIEN - ACUAGAVIOTA;ACUEDUCTO RURAL LA GAVIOTA BAJA - ACUAGAVIOTA;VEREDA LA GAVIOTA ALTA;3154123740;1114;122666;539
540;900819074;;88332;ASOCIACION DE USUARIOS DEL ACUEDUCTO RURAL COMUNITARIO DEL CORREGIMIENTO QUIEBRA DE SAN PABLO;ACUEDUCTO LA QUIEBRA DE SAN PABLO;LA QUIEBRA DE SAN PABLO;3135018600;919;88332;540
541;900822683;900822683;No Registra;ASOCIACION APROFINCA;;CALLE 6 # 120 - 46;3162730747;;;541
542;900834655;No Registra;125669;ASOCIACION DE USUARIOS DEL ACUEDUCTO RURAL DE LA VEREDA LAS MELENAS - ACUAMELENAS;ASOCIACION DE USUARIOS DEL ACUEDUCTO RURAL DE LA VEREDA LAS MELENAS ACUAMELENAS;VEREDA MELENAS;3177739870;3314;125669;542
543;900852728;;88303;ASOCIACION DE USUARIOS DEL ACUEDUCTO RURAL COMUNITARIO DEL CORREGIMIENTO TAGUALES;ASOCIACION DE USUARIOS DEL ACUEDUCTO RURAL COMUNITARIO DEL ACUEDUCTO TAGUALES; CORREGIMIENTO TAGUALES;3154072336;2892;88303;543
544;900871094;;120854;ASOCIACION DE SUSCRIPTORES DEL ACUEDUCTO DE LA VEREDA PAVITAS;ACUEDUCTO PAVITAS;VEREDA PAVITAS;3167640203;104;120854;544
545;900899504;No Registra;106577;ASOCIACION ADMINISTRADORA DE ACUEDUCTO RURAL COLORADOS CORREGIMIENTO EL DORADO;ASOCIACION USUARIOS SISTEMA SUMINISTRO AGUA RURAL VEREDA COLORADOS;CR 20 # 2-61 BUGA;3152751643;7402;106577;545
546;900907938;;34629;ASOCIACIÓN COMUNITARIA ADMINISTRADORA DEL ACUEDUCTO DOMÉSTICO DEL CORREGIMIENTO DE POTRERITO MUNICIPIO DE PRADERA - AGUASALUD POTRERITO;PTAP POTRERITO;CORREGIMIENTO POTRERITO;3136498755;125;34629;546
547;900921268;No Registra;102666;ASOCIACION DE SUSCRIPTORES DEL SERVICIO DE ACUEDUCTO SAN JOAQUIN CORREGIMIENTO SAN VICENTE DAGUA;ASOSANJOAQUIN;VEREDA SAN JOAQUIN - CORREGIMIENTO SAN VICENTE;3155385030;4055;102666;547
548;900934961;;50555;ASOCIACION DE SUSCRIPTORES DEL SERVICIO DE ACUEDUCTO SAN VICENTE;ASOCIACION DE SUSCRIPTORES DEL SERVICIO DE ACUEDUCTO SAN VICENTE - ASANJOAQUIN ;CORREGIMIENTO SAN VICENTE;3013935117;4054;50555;548
549;900961115;No Registra;115373;ASOCIACION DE SUSCRIPTORES DEL SISTEMA DE SUMINISTRO DE AGUA RURAL COMUNITARIA DE LA VEREDA ALBANIA CORREGIMIENTO DE ZABALETAS - ASOAGUALBANIA;LA ALBANIA;VEREDA LA ALBANIA;3136428743;3393;115373;549
550;900961867;33893;No Registra;OZONO EMPRESA DE SERVICIOS PUBLICOS S.A ESP;;BARRIO LA NUEVA ITALIA;;;;550
551;900961867;;;OZONO EMPRESA DE SERVICIOS PUBLICOS S.A.S E.S.P.;;AVENIDA PANAMERICANA CON AVENIDA CIRCUNVALAR ;3182968616;;;551
552;900970925;No Registra;76111;ACUACABAÑA;;VEREDA LA CABAÑA;3206651029;;;552
553;900986184;115853;;ASOCIACION DE SUSCRIPTORES DEL ACUEDUCTO COMUNAL VEREDA EL AGUACATE - ASOAGUACATE;;VEREDA EL AGUACATE;3166923238;2853;115853;553
554;900987430;;;ASOCIACION COMUNITARIA AGUAS DE PUENTE TIERRA-LA OFELIA -MUNICIPIO DE YOTOCO-VALLE DEL CAUCA;PUENTE TIERRA LA OFELIA;PUENTE TIERRA;3232927477;2727;116100;554
555;900987962;No Registra;65696;ASOCIACION ACUAVITAL E.S.P.;ASOCIACION ACUAVITAL ESP CANEY;VEREDA EL CANEY;3167020351;500;65696;555
556;901008005;No Registra;38272;JUNTA ADMINISTRADORA COMUNITARIA DE ACUEDUCTO J.A.C.A. NUEVO HORIZONTE EN LIQUIDACION - JACANHOT;ACUEDUCTO JACA NUEVO HORIZONTE ;CORREGIMIENTO OCACHE PARTE ALTA;3188017228;6480;38272;556
557;901008005;No Registra;148384;JUNTA ADMINISTRADORA COMUNITARIA ACUEDUCTO OCACHE PARTE ALTA  JACA # 7;ACUEDUCTO JACA NUEVO HORIZONTE ;CORREGIMIENTO OCACHE VIJES;;6480;38272;557
558;901045822;;;"ASOCIACION DE USUARIOS DEL ACUEDUCTO DE MIRAVALLE ""MIRAGUAS""";;JM 5 VIA CHIPAYA;3147834071;;;558
559;901058457;No Registra;123639;ASOCIACION DE USUARIOS DEL ACUEDUCTO RURAL COLECTIVO DE LA VEREDA LA CRISTALINA EL OTRO MUNDO;LA CRISTALINA - OTRO MUNDO;CR 22 # 15B-87 BARRIO  SAN JORGE;3206605145;228;123639;559
560;901077088;;110058;ASOCIACION EMPRESA COMUNITARIA DE ACUEDUCTO DE LA PARCELACION HATOCHICO - SAN DIEGO;ACUASALUD HATOCHICO - SAN DIEGO;PARCELACIÓN  HATOCHICO - CORREGIMIENTO EL CARMEN;3113726666;3426;110058;560
561;901108329;;;EMPRESA DE SERVICIOS PUBLICOS DOMICILIARIOS DEL VALLE S.A.S E.S.P - EMVALLE S.A E.S.P ;;CARRERA 50 CALLE 21 ESQUINA ;3163234883;;;561
562;901167094;40915;No Registra;ACUALLANITOS S.A.S;ACUALLANITOS S.A E.S.P.;PARCELACION LLANITOS;3017792971;155;108391;562
563;901204500;No Registra;65958;ASOCIACIÓN DE USUARIOS DEL ACUEDUCTO VEREDAL VILLA AURES-LABEIBA;ASOCIACION DE USUARIOS DEL ACUEDUCTO VEREDAL VILLA AURES-DABEIBA;VEREDA AURES-LABEIBA;3216090390;4071;65958;563
564;901213678;No Registra;76111;ACUEDUCTO COMUNITARIO VEREDA LA PRIMAVERA;; VEREDA LA PRIMAVERA;3176905430;;;564
565;901224825;No Registra;81700;ASOCIACION COMUNITARIA ADMINISTRADORA DEL ACUEDUCTO DE PUENTE TIERRA;ASOCIACION COMUNITARIA ADMINISTRADORA DEL ACUEDUCTO PUENTE TIERRA;CORREGIMIENTO PUENTE TIERRA;3136234469;1275;81700;565
566;901231028;No Registra;64925;ASOCIACION DE USUARIOS ACUEDUCTO LA MARIA DEL CORREGIMIENTO LA TULIA DEL MUNICIPIO DE BOLIVAR - VALLE DEL CAUCA;ASOCIACION DE USUARIOS ACUEDUCTO LA MARIA;VEREDA LA MARÍA;3153562238;1128;64925;566
567;901237383;No Registra;6;ASOCIACION DE PRODUCTORES AGROPECUARIOS VICTIMAS DEL CONFLICTO ARMADO DE COLOMBIA - ASOCAMILA;ACUEDUCTO RURAL LOS MATES;PARCELA 14 HACIENDA LA CAMILA;3216591525;905;113244;567
568;901241778;No Registra;;VAKUA S.A.S E.S.P;;EL RODEO - CUIDADELA DE LOS VIENTOS;3185161730;;;568
569;901241798;No Registra;101957;ASOCIACION DE USUARIOS DEL ACUEDUCTO QUEBRADA LOS CHORROS, CORREGIMIENTO ATUNCELA, MUNICIPIO DE DAGUA - ASUACAT;ASUACAT;CORREGIMIENTO ATUNCELA;3178935242;4056;101957;569
570;901274489;No Registra;63927;ASOCIACION DE USUARIOS ACUEDUCTO AGUAS ARRIBA;ASOCIACION DE USUARIOS ACUEDUCTO AGUAS ARRIBA LA JUDEA;VEREDA LA JUDEA;3226716335;2766;120407;570
571;901298349;No Registra;104288;ASOCIACIÓN JUNTA ADMINISTRADORA DE ACUEDUCTO CORREGIMIENTO DE ZABALETAS;ACUEDUCTO ZABALETAS;ZABALETAS;3117002905;1399;104288;571
572;901306020;1058485;No Registra;AGUAS DEL PARQUE EMPRESA DE SERVICIOS PUBLICOS DOMICILIARIOS DE ACUEDUCTO, ALCANTARILLADO Y ASEO S.A.S;;EDEN DEL PARQUE;3877770;;;572
573;901313904;No Registra;119015;ASOCIACIÓN DE USUARIOS DE ABASTO DE AGUA RIN RAN;;VEREDA RIN RAN;3145267314;;;573
574;901340511;;110255;ASOCIACION GESTORA COMUNITARIA DEL AGUA DE LA COMUNIDAD RURAL REAL PLACER;ACUEDUCTO REAL PLACER / ACUAPLACER;REAL PLACER;3217175898;2149;110255;574
575;901350951;No Registra;;EMPRESAS PÚBLICAS MUNICIPALES DE CANDELARIA SAS ESP;;CALLE 10 CON CARRERA 11 VILLAGORGONA;;;;575
576;901428114;No Registra;136356;ASOCIACION DE USUARIOS DE LA JUNTA ADMINISTRADORES DE AGUAS DE LA VEREDA BUENOS AIRES  - AJABA;ASOCIACION DE USUARIOS ACUEDUCTO BUENOS AIRES AJABA ;VEREDA BUENOS AIRES ;3105020865;7526;136356;576
577;901647437;No Registra;21651;ASOCIACION DE USUARIO DEL SERVICIO DEL ACUEDUCTO V.E.R.S.A. DE LAS VEREDAS,SAN JOSE Y AGUA CLARA MUNICIPIO DE YUMBO LA CUMBRE - ACUEDUCTO VERSA;VERSA;VEREDA AGUA CLARA;3223934445;21651;17834;577
578;9102008;;30197;JUNTA ADMINISTRADORA ACUEDUCTO AGUAS CLARAS;AGUAS CLARAS;CORREGIMIENTO BORRERO AYERBE KM 30 - BARRIO COREA ;3174541318;63;30197;578
579;94449159;No Registra;;ACUEDUCTO COMUNITARIO PROVIDENCIA SECTOR LA ESTRELLA - ACUAESTRELLA;;CORREGIMIENTO PROVIDENCIA PARTE ALTA;3105207158;;;579
